Entity,Code,Year,Share of population in poverty
Albania,ALB,1996,0.534846
Albania,ALB,2002,1.0926474
Albania,ALB,2005,0.5910857
Albania,ALB,2008,0.19992515
Albania,ALB,2012,0.6206909
Albania,ALB,2014,1.0231007
Albania,ALB,2015,0.096067496
Albania,ALB,2016,0.13930316
Albania,ALB,2017,0.39256993
Albania,ALB,2018,0.04810705
Albania,ALB,2019,0
Albania,ALB,2020,0.021277364
Algeria,DZA,1988,6.4203115
Algeria,DZA,1995,5.7705665
Algeria,DZA,2011,0.45546755
Angola,AGO,2000,21.360565
Angola,AGO,2008,14.589688
Angola,AGO,2018,31.122005
Argentina (urban),,1980,0.30901247
Argentina (urban),,1986,1.1191322
Argentina (urban),,1987,1.1860859
Argentina (urban),,1991,0.9720286
Argentina (urban),,1992,1.6737126
Argentina (urban),,1993,1.9766662
Argentina (urban),,1994,1.9113266
Argentina (urban),,1995,3.8554344
Argentina (urban),,1996,4.2175674
Argentina (urban),,1997,3.7657506
Argentina (urban),,1998,3.9691887
Argentina (urban),,1999,4.1879582
Argentina (urban),,2000,4.988261
Argentina (urban),,2001,8.234787
Argentina (urban),,2002,12.447155
Argentina (urban),,2003,5.3636475
Argentina (urban),,2004,3.8789883
Argentina (urban),,2005,2.68375
Argentina (urban),,2006,2.1735892
Argentina (urban),,2007,1.7975101
Argentina (urban),,2008,1.637588
Argentina (urban),,2009,1.5534867
Argentina (urban),,2010,0.7465409
Argentina (urban),,2011,0.71137697
Argentina (urban),,2012,0.6470466
Argentina (urban),,2013,0.6666751
Argentina (urban),,2014,0.6047795
Argentina (urban),,2016,0.69688517
Argentina (urban),,2017,0.6037963
Argentina (urban),,2018,1.0443243
Argentina (urban),,2019,1.1097425
Argentina (urban),,2020,1.1731251
Argentina (urban),,2021,0.89421797
Argentina (urban),,2022,0.61188984
Armenia,ARM,1999,11.899414
Armenia,ARM,2001,13.9747505
Armenia,ARM,2002,9.966604
Armenia,ARM,2003,7.5395174
Armenia,ARM,2004,5.317806
Armenia,ARM,2005,2.6295705
Armenia,ARM,2006,1.9985934
Armenia,ARM,2007,1.5362027
Armenia,ARM,2008,0.8796942
Armenia,ARM,2009,1.2476557
Armenia,ARM,2010,0.9514653
Armenia,ARM,2011,1.1850709
Armenia,ARM,2012,0.8322223
Armenia,ARM,2013,1.7382652
Armenia,ARM,2014,1.4391431
Armenia,ARM,2015,1.1463602
Armenia,ARM,2016,1.1079466
Armenia,ARM,2017,0.7856546
Armenia,ARM,2018,1.339821
Armenia,ARM,2019,1.0300698
Armenia,ARM,2020,0.3520105
Armenia,ARM,2021,0.5235208
Armenia,ARM,2022,0.7810783
Australia,AUS,1981,0.9935031
Australia,AUS,1985,1.0013098
Australia,AUS,1989,0.744275
Australia,AUS,1995,0.74978226
Australia,AUS,2001,0.7474116
Australia,AUS,2003,0.9973307
Australia,AUS,2004,0.7125372
Australia,AUS,2008,0.36123243
Australia,AUS,2010,0.34916842
Australia,AUS,2014,0.4984838
Australia,AUS,2016,0.49874178
Australia,AUS,2018,0.49709398
Austria,AUT,1994,0.23091485
Austria,AUT,1995,0
Austria,AUT,1996,0
Austria,AUT,1997,0.24598348
Austria,AUT,1998,0.23944513
Austria,AUT,1999,0.22600505
Austria,AUT,2000,0
Austria,AUT,2003,0.33220324
Austria,AUT,2004,0.08165289
Austria,AUT,2005,0.1536901
Austria,AUT,2006,0.090110004
Austria,AUT,2007,0.37229174
Austria,AUT,2008,0.47116703
Austria,AUT,2009,0.6562347
Austria,AUT,2010,0.49070254
Austria,AUT,2011,0.41540423
Austria,AUT,2012,0.6169174
Austria,AUT,2013,0.33799785
Austria,AUT,2014,0.22426021
Austria,AUT,2015,0.677193
Austria,AUT,2016,0.6640636
Austria,AUT,2017,0.3180896
Austria,AUT,2018,0.56835836
Austria,AUT,2019,0.6406389
Austria,AUT,2020,0.68357754
Austria,AUT,2021,0.4858222
Azerbaijan,AZE,1995,12.420592
Azerbaijan,AZE,2001,6.1576586
Azerbaijan,AZE,2002,0.07950147
Azerbaijan,AZE,2003,0.050580967
Azerbaijan,AZE,2004,0
Azerbaijan,AZE,2005,0
Bangladesh,BGD,1983,37.284092
Bangladesh,BGD,1985,32.693893
Bangladesh,BGD,1988,41.73657
Bangladesh,BGD,1991,41.944866
Bangladesh,BGD,1995,33.668743
Bangladesh,BGD,2000,33.321335
Bangladesh,BGD,2005,23.96659
Bangladesh,BGD,2010,18.223856
Bangladesh,BGD,2016,13.468303
Bangladesh,BGD,2022,5.008496
Belarus,BLR,1998,21.763365
Belarus,BLR,1999,19.192299
Belarus,BLR,2000,13.642426
Belarus,BLR,2001,6.624224
Belarus,BLR,2002,4.394347
Belarus,BLR,2003,3.5103552
Belarus,BLR,2004,1.3008308
Belarus,BLR,2005,0.89088666
Belarus,BLR,2006,0.39857948
Belarus,BLR,2007,0.21858977
Belarus,BLR,2008,0.16652432
Belarus,BLR,2009,0.13817227
Belarus,BLR,2010,0.033942714
Belarus,BLR,2011,0.006575962
Belarus,BLR,2012,0.01205592
Belarus,BLR,2013,0
Belarus,BLR,2014,0
Belarus,BLR,2015,0
Belarus,BLR,2016,0
Belarus,BLR,2017,0
Belarus,BLR,2018,0
Belarus,BLR,2019,0
Belarus,BLR,2020,0
Belgium,BEL,1985,0.2401878
Belgium,BEL,1988,0.4778089
Belgium,BEL,1992,0.9832839
Belgium,BEL,1995,0.41241008
Belgium,BEL,1997,0.4924794
Belgium,BEL,2000,0.305506
Belgium,BEL,2003,0.29441932
Belgium,BEL,2004,0.052021958
Belgium,BEL,2005,0.19307023
Belgium,BEL,2006,0.16894151
Belgium,BEL,2007,0.15145147
Belgium,BEL,2008,0.11841667
Belgium,BEL,2009,0.107580915
Belgium,BEL,2010,0.13711528
Belgium,BEL,2011,0.16826819
Belgium,BEL,2012,0.15657145
Belgium,BEL,2013,0.14450805
Belgium,BEL,2014,0.07649596
Belgium,BEL,2015,0.07075855
Belgium,BEL,2016,0.059816156
Belgium,BEL,2017,0.14786859
Belgium,BEL,2018,0.0811136
Belgium,BEL,2019,0.07855247
Belgium,BEL,2020,0.05472548
Belgium,BEL,2021,0.02996537
Belize,BLZ,1993,13.547187
Belize,BLZ,1994,14.793828
Belize,BLZ,1996,18.196114
Belize,BLZ,1997,20.901537
Belize,BLZ,1998,20.73299
Belize,BLZ,1999,19.556927
Benin,BEN,2003,53.089462
Benin,BEN,2011,54.26165
Benin,BEN,2015,50.70926
Benin,BEN,2018,20.082186
Benin,BEN,2021,12.723279
Bhutan,BTN,2003,13.3622055
Bhutan,BTN,2007,5.853421
Bhutan,BTN,2012,1.7303301
Bhutan,BTN,2017,0.94576234
Bhutan,BTN,2022,0.001538848
Bolivia,BOL,1997,15.538883
Bolivia,BOL,1999,21.875101
Bolivia,BOL,2000,24.247425
Bolivia,BOL,2001,19.031044
Bolivia,BOL,2002,19.68643
Bolivia,BOL,2004,10.216771
Bolivia,BOL,2005,15.606612
Bolivia,BOL,2006,12.494706
Bolivia,BOL,2007,9.466773
Bolivia,BOL,2008,8.344567
Bolivia,BOL,2009,8.781656
Bolivia,BOL,2011,5.298905
Bolivia,BOL,2012,6.4679384
Bolivia,BOL,2013,5.173073
Bolivia,BOL,2014,4.2758923
Bolivia,BOL,2015,4.6299644
Bolivia,BOL,2016,5.620338
Bolivia,BOL,2017,4.9333615
Bolivia,BOL,2018,3.274886
Bolivia,BOL,2019,1.9205352
Bolivia,BOL,2020,3.1215072
Bolivia,BOL,2021,1.9645011
Bolivia (urban),,1990,1.9871436
Bolivia (urban),,1992,8.736937
Bosnia and Herzegovina,BIH,2001,0.325743
Bosnia and Herzegovina,BIH,2004,0.18114418
Bosnia and Herzegovina,BIH,2007,0.06645851
Bosnia and Herzegovina,BIH,2011,0.074978754
Botswana,BWA,1985,41.79435
Botswana,BWA,1993,34.109627
Botswana,BWA,2002,29.139406
Botswana,BWA,2009,17.686708
Botswana,BWA,2015,15.426243
Brazil,BRA,1981,23.9479
Brazil,BRA,1982,24.424822
Brazil,BRA,1983,30.580912
Brazil,BRA,1984,29.915466
Brazil,BRA,1985,25.75045
Brazil,BRA,1986,12.265663
Brazil,BRA,1987,19.946053
Brazil,BRA,1988,22.418053
Brazil,BRA,1989,20.403696
Brazil,BRA,1990,23.992811
Brazil,BRA,1992,23.291227
Brazil,BRA,1993,22.100883
Brazil,BRA,1995,14.736035
Brazil,BRA,1996,16.00468
Brazil,BRA,1997,15.976236
Brazil,BRA,1998,14.337863
Brazil,BRA,1999,14.968738
Brazil,BRA,2001,13.042174
Brazil,BRA,2002,11.73864
Brazil,BRA,2003,12.605869
Brazil,BRA,2004,11.055812
Brazil,BRA,2005,9.962901
Brazil,BRA,2006,8.2642355
Brazil,BRA,2007,7.870375
Brazil,BRA,2008,6.507662
Brazil,BRA,2009,6.120392
Brazil,BRA,2011,5.32249
Brazil,BRA,2012,4.493511
Brazil,BRA,2013,3.7285519
Brazil,BRA,2014,3.3259485
Brazil,BRA,2015,3.8774729
Brazil,BRA,2016,4.7337537
Brazil,BRA,2017,5.302752
Brazil,BRA,2018,5.3060746
Brazil,BRA,2019,5.4092226
Brazil,BRA,2020,1.9510684
Brazil,BRA,2021,5.834562
Brazil,BRA,2022,3.5053015
Bulgaria,BGR,1992,0
Bulgaria,BGR,2006,5.8306923
Bulgaria,BGR,2007,1.7921898
Bulgaria,BGR,2008,1.251184
Bulgaria,BGR,2009,1.3057501
Bulgaria,BGR,2010,2.0077357
Bulgaria,BGR,2011,2.4587572
Bulgaria,BGR,2012,2.3094437
Bulgaria,BGR,2013,1.7837765
Bulgaria,BGR,2014,1.6603086
Bulgaria,BGR,2015,3.4196482
Bulgaria,BGR,2016,1.966491
Bulgaria,BGR,2017,1.3717663
Bulgaria,BGR,2018,0.87046057
Bulgaria,BGR,2019,0.9236337
Bulgaria,BGR,2020,0.24786347
Bulgaria,BGR,2021,0.69914126
Burkina Faso,BFA,1994,82.079414
Burkina Faso,BFA,1998,79.91789
Burkina Faso,BFA,2003,54.703735
Burkina Faso,BFA,2009,52.64917
Burkina Faso,BFA,2014,39.60286
Burkina Faso,BFA,2018,31.203825
Burkina Faso,BFA,2021,25.277073
Burundi,BDI,1992,75.05942
Burundi,BDI,1998,79.441154
Burundi,BDI,2006,71.844315
Burundi,BDI,2013,65.13289
Burundi,BDI,2020,62.06576
Cameroon,CMR,1996,50.365902
Cameroon,CMR,2001,25.694448
Cameroon,CMR,2007,31.42313
Cameroon,CMR,2014,25.657516
Cameroon,CMR,2021,22.99222
Canada,CAN,1971,2.249591
Canada,CAN,1973,1.7485467
Canada,CAN,1975,1.4924183
Canada,CAN,1977,1.2496604
Canada,CAN,1979,1.2497067
Canada,CAN,1981,0.7493493
Canada,CAN,1982,0.7431093
Canada,CAN,1984,0.74983454
Canada,CAN,1985,0.49976912
Canada,CAN,1986,0.9981897
Canada,CAN,1987,0.49968165
Canada,CAN,1988,0.74937075
Canada,CAN,1989,1.24935
Canada,CAN,1990,1.2484578
Canada,CAN,1991,1.2476625
Canada,CAN,1992,0.7468885
Canada,CAN,1993,1.2476294
Canada,CAN,1994,0.98957986
Canada,CAN,1995,0.74680895
Canada,CAN,1996,0.24951783
Canada,CAN,1997,0.24771148
Canada,CAN,1998,0.49965563
Canada,CAN,1999,0.49096304
Canada,CAN,2000,0.24782088
Canada,CAN,2001,0.24938154
Canada,CAN,2002,0.24230576
Canada,CAN,2003,0.23710853
Canada,CAN,2004,0.2435585
Canada,CAN,2005,0.24498986
Canada,CAN,2006,0.24914758
Canada,CAN,2007,0.24825242
Canada,CAN,2008,0.24546228
Canada,CAN,2009,0.24430971
Canada,CAN,2010,0.248831
Canada,CAN,2011,0.2261454
Canada,CAN,2012,0.24652141
Canada,CAN,2013,0.49648547
Canada,CAN,2014,0.24215806
Canada,CAN,2015,0.24590448
Canada,CAN,2016,0.24871367
Canada,CAN,2017,0.24701066
Canada,CAN,2018,0.2499711
Canada,CAN,2019,0.24863754
Cape Verde,CPV,2001,19.574156
Cape Verde,CPV,2007,10.567116
Cape Verde,CPV,2015,4.5642314
Central African Republic,CAF,1992,82.18547
Central African Republic,CAF,2008,61.884224
Central African Republic,CAF,2021,65.66651
Chad,TCD,2003,57.790245
Chad,TCD,2011,36.616726
Chad,TCD,2018,30.882942
Chad,TCD,2022,30.845234
Chile,CHL,1987,15.380129
Chile,CHL,1990,10.668008
Chile,CHL,1992,6.699598
Chile,CHL,1994,6.7974644
Chile,CHL,1996,4.664468
Chile,CHL,1998,4.5866966
Chile,CHL,2000,5.826292
Chile,CHL,2003,5.287876
Chile,CHL,2006,2.0453675
Chile,CHL,2009,1.6663069
Chile,CHL,2011,0.9038751
Chile,CHL,2013,0.5171192
Chile,CHL,2015,0.4292806
Chile,CHL,2017,0.35970792
Chile,CHL,2020,1.3415734
Chile,CHL,2022,0.39505082
China,CHN,1981,91.62324
China,CHN,1984,81.15976
China,CHN,1987,67.497826
China,CHN,1990,71.96234
China,CHN,1993,62.705994
China,CHN,1996,48.140484
China,CHN,1999,45.965843
China,CHN,2002,36.503
China,CHN,2005,22.117523
China,CHN,2008,17.958988
China,CHN,2010,13.902283
China,CHN,2011,10.225214
China,CHN,2012,8.49286
China,CHN,2013,2.8830345
China,CHN,2014,2.0791492
China,CHN,2015,1.1696801
China,CHN,2016,0.83326894
China,CHN,2017,0.675714
China,CHN,2018,0.42781484
China,CHN,2019,0.14242858
China,CHN,2020,0.11077428
China (rural),,1981,96.87142
China (rural),,1984,88.66636
China (rural),,1987,78.37542
China (rural),,1990,83.70145
China (rural),,1993,77.35049
China (rural),,1996,61.915047
China (rural),,1999,62.647022
China (rural),,2002,54.85098
China (rural),,2005,35.628475
China (rural),,2008,31.937206
China (rural),,2010,26.347506
China (rural),,2011,19.879072
China (rural),,2012,16.97438
China (rural),,2013,5.318997
China (rural),,2014,3.7446043
China (rural),,2015,2.0908825
China (rural),,2016,1.6088012
China (rural),,2017,1.3158911
China (rural),,2018,0.8826282
China (rural),,2019,0.2601941
China (rural),,2020,0.028306887
China (urban),,1981,70.78442
China (urban),,1984,54.857426
China (urban),,1987,33.536007
China (urban),,1990,39.305775
China (urban),,1993,27.030962
China (urban),,1996,18.75625
China (urban),,1999,14.801963
China (urban),,2002,7.100867
China (urban),,2005,3.8544457
China (urban),,2008,1.9017113
China (urban),,2010,1.0656971
China (urban),,2011,0.7666846
China (urban),,2012,0.58971804
China (urban),,2013,0.7239685
China (urban),,2014,0.67515016
China (urban),,2015,0.43105838
China (urban),,2016,0.2418872
China (urban),,2017,0.21137574
China (urban),,2018,0.11373901
China (urban),,2019,0.06492065
China (urban),,2020,0.16255738
Colombia,COL,1992,9.557514
Colombia,COL,1996,17.57369
Colombia,COL,1999,21.354277
Colombia,COL,2000,17.496916
Colombia,COL,2001,20.995247
Colombia,COL,2002,14.178107
Colombia,COL,2003,13.005037
Colombia,COL,2004,12.007561
Colombia,COL,2005,10.736817
Colombia,COL,2008,11.025411
Colombia,COL,2009,9.602201
Colombia,COL,2010,8.284389
Colombia,COL,2011,6.8281503
Colombia,COL,2012,6.7151165
Colombia,COL,2013,6.111701
Colombia,COL,2014,5.4313827
Colombia,COL,2015,4.925476
Colombia,COL,2016,4.9135303
Colombia,COL,2017,4.33946
Colombia,COL,2018,4.4982615
Colombia,COL,2019,5.2847376
Colombia,COL,2020,9.359861
Colombia,COL,2021,7.334666
Colombia,COL,2022,6.036548
Colombia (urban),,1980,20.757803
Colombia (urban),,1988,15.241328
Colombia (urban),,1989,14.167324
Colombia (urban),,1991,13.41064
Comoros,COM,2004,14.625825
Comoros,COM,2014,18.643723
Congo,COG,2005,49.5537
Congo,COG,2011,35.357456
Costa Rica,CRI,1981,25.859898
Costa Rica,CRI,1986,13.922538
Costa Rica,CRI,1989,10.552571
Costa Rica,CRI,1990,10.379871
Costa Rica,CRI,1991,12.413738
Costa Rica,CRI,1992,9.941776
Costa Rica,CRI,1993,8.527353
Costa Rica,CRI,1994,7.041064
Costa Rica,CRI,1995,7.149303
Costa Rica,CRI,1996,8.220924
Costa Rica,CRI,1997,6.7248263
Costa Rica,CRI,1998,5.2241964
Costa Rica,CRI,1999,6.818424
Costa Rica,CRI,2000,6.9267936
Costa Rica,CRI,2001,5.094759
Costa Rica,CRI,2002,4.6752872
Costa Rica,CRI,2003,4.724285
Costa Rica,CRI,2004,4.663471
Costa Rica,CRI,2005,3.3339496
Costa Rica,CRI,2006,3.3378456
Costa Rica,CRI,2007,1.820663
Costa Rica,CRI,2008,2.42061
Costa Rica,CRI,2009,2.4773993
Costa Rica,CRI,2010,1.4892362
Costa Rica,CRI,2011,1.7502996
Costa Rica,CRI,2012,1.673368
Costa Rica,CRI,2013,1.6425788
Costa Rica,CRI,2014,1.5053035
Costa Rica,CRI,2015,1.5732268
Costa Rica,CRI,2016,1.3367381
Costa Rica,CRI,2017,1.1723511
Costa Rica,CRI,2018,1.5057526
Costa Rica,CRI,2019,1.0571395
Costa Rica,CRI,2020,2.2913265
Costa Rica,CRI,2021,1.2421939
Costa Rica,CRI,2022,0.88687354
Cote d'Ivoire,CIV,1985,8.229618
Cote d'Ivoire,CIV,1986,4.4354844
Cote d'Ivoire,CIV,1987,9.430369
Cote d'Ivoire,CIV,1988,13.449971
Cote d'Ivoire,CIV,1992,27.058142
Cote d'Ivoire,CIV,1995,25.906212
Cote d'Ivoire,CIV,1998,30.364796
Cote d'Ivoire,CIV,2002,29.066845
Cote d'Ivoire,CIV,2008,34.41735
Cote d'Ivoire,CIV,2015,33.447136
Cote d'Ivoire,CIV,2018,11.502216
Cote d'Ivoire,CIV,2021,9.733192
Croatia,HRV,2009,0.85759926
Croatia,HRV,2010,1.2098455
Croatia,HRV,2011,0.6253363
Croatia,HRV,2012,0.78740203
Croatia,HRV,2013,0.72886807
Croatia,HRV,2014,0.981814
Croatia,HRV,2015,0.5948145
Croatia,HRV,2016,0.61599094
Croatia,HRV,2017,0.5171488
Croatia,HRV,2018,0.4375505
Croatia,HRV,2019,0.25992584
Croatia,HRV,2020,0.31393388
Croatia,HRV,2021,0.3080042
Cyprus,CYP,2004,0.094067946
Cyprus,CYP,2005,0.006351349
Cyprus,CYP,2006,0.018198818
Cyprus,CYP,2007,0.025159188
Cyprus,CYP,2008,0.008470222
Cyprus,CYP,2009,0.11196495
Cyprus,CYP,2010,0.036670096
Cyprus,CYP,2011,0.008045135
Cyprus,CYP,2012,0.004237799
Cyprus,CYP,2013,0.09701857
Cyprus,CYP,2014,0.0783298
Cyprus,CYP,2015,0.026797833
Cyprus,CYP,2016,0.041149013
Cyprus,CYP,2017,0.032828864
Cyprus,CYP,2018,0.01650658
Cyprus,CYP,2019,0.1538318
Cyprus,CYP,2020,0.012641975
Cyprus,CYP,2021,0.00530347
Czechia,CZE,1992,0
Czechia,CZE,1993,0.016102295
Czechia,CZE,1996,0
Czechia,CZE,2002,0
Czechia,CZE,2004,0
Czechia,CZE,2005,0.004932986
Czechia,CZE,2006,0.06581068
Czechia,CZE,2007,0.11590256
Czechia,CZE,2008,0.032779835
Czechia,CZE,2009,0.012035621
Czechia,CZE,2010,0.036178336
Czechia,CZE,2011,0.046060845
Czechia,CZE,2012,0.032207154
Czechia,CZE,2013,0.04569093
Czechia,CZE,2014,0
Czechia,CZE,2015,0.008764512
Czechia,CZE,2016,0
Czechia,CZE,2017,0
Czechia,CZE,2018,0.008861816
Czechia,CZE,2019,0
Czechia,CZE,2020,0.00814216
Czechia,CZE,2021,0.059850585
Democratic Republic of Congo,COD,2004,91.4673
Democratic Republic of Congo,COD,2012,69.68845
Democratic Republic of Congo,COD,2020,78.94202
Denmark,DNK,1987,0.49739555
Denmark,DNK,1992,0.49395204
Denmark,DNK,1995,0
Denmark,DNK,2000,0
Denmark,DNK,2003,0.3432746
Denmark,DNK,2004,0.31498066
Denmark,DNK,2005,0.2548476
Denmark,DNK,2006,0.13750921
Denmark,DNK,2007,0.01391448
Denmark,DNK,2008,0.113210574
Denmark,DNK,2009,0.49477512
Denmark,DNK,2010,0.05729401
Denmark,DNK,2011,0
Denmark,DNK,2012,0
Denmark,DNK,2013,0.31091565
Denmark,DNK,2014,0.20261092
Denmark,DNK,2015,0.17542586
Denmark,DNK,2016,0.27838695
Denmark,DNK,2017,0.14090516
Denmark,DNK,2018,0.17011176
Denmark,DNK,2019,0.25140718
Denmark,DNK,2020,0.1649913
Denmark,DNK,2021,0.15367964
Djibouti,DJI,2002,22.547215
Djibouti,DJI,2012,19.691906
Djibouti,DJI,2013,24.925982
Djibouti,DJI,2017,19.079206
Dominican Republic,DOM,1986,6.8689795
Dominican Republic,DOM,1989,17.486973
Dominican Republic,DOM,1992,7.625664
Dominican Republic,DOM,1996,6.450147
Dominican Republic,DOM,1997,6.870507
Dominican Republic,DOM,2000,6.71443
Dominican Republic,DOM,2001,5.1379633
Dominican Republic,DOM,2002,7.614324
Dominican Republic,DOM,2003,8.697802
Dominican Republic,DOM,2004,11.607311
Dominican Republic,DOM,2005,7.409543
Dominican Republic,DOM,2006,6.255223
Dominican Republic,DOM,2007,6.067928
Dominican Republic,DOM,2008,5.4486
Dominican Republic,DOM,2009,4.679977
Dominican Republic,DOM,2010,3.8692138
Dominican Republic,DOM,2011,4.055294
Dominican Republic,DOM,2012,3.848862
Dominican Republic,DOM,2013,2.9718232
Dominican Republic,DOM,2014,3.3559256
Dominican Republic,DOM,2015,2.534987
Dominican Republic,DOM,2016,2.0301723
Dominican Republic,DOM,2017,1.0015452
Dominican Republic,DOM,2018,0.8355344
Dominican Republic,DOM,2019,0.83268654
Dominican Republic,DOM,2020,0.95941836
Dominican Republic,DOM,2021,0.85372853
Dominican Republic,DOM,2022,0.75717556
East Asia and Pacific (PIP),,1990,65.356636
East Asia and Pacific (PIP),,1991,63.503777
East Asia and Pacific (PIP),,1992,60.73879
East Asia and Pacific (PIP),,1993,57.879593
East Asia and Pacific (PIP),,1994,53.069084
East Asia and Pacific (PIP),,1995,49.442364
East Asia and Pacific (PIP),,1996,44.973476
East Asia and Pacific (PIP),,1997,44.572407
East Asia and Pacific (PIP),,1998,45.513218
East Asia and Pacific (PIP),,1999,42.229286
East Asia and Pacific (PIP),,2000,39.4524
East Asia and Pacific (PIP),,2001,36.68488
East Asia and Pacific (PIP),,2002,32.683804
East Asia and Pacific (PIP),,2003,28.746334
East Asia and Pacific (PIP),,2004,25.104342
East Asia and Pacific (PIP),,2005,21.153973
East Asia and Pacific (PIP),,2006,20.529608
East Asia and Pacific (PIP),,2007,18.43318
East Asia and Pacific (PIP),,2008,17.415335
East Asia and Pacific (PIP),,2009,15.258539
East Asia and Pacific (PIP),,2010,13.201719
East Asia and Pacific (PIP),,2011,10.315846
East Asia and Pacific (PIP),,2012,8.797359
East Asia and Pacific (PIP),,2013,4.504653
East Asia and Pacific (PIP),,2014,3.599433
East Asia and Pacific (PIP),,2015,2.7339783
East Asia and Pacific (PIP),,2016,2.2805347
East Asia and Pacific (PIP),,2017,1.9515965
East Asia and Pacific (PIP),,2018,1.574708
East Asia and Pacific (PIP),,2019,1.209196
East Asia and Pacific (PIP),,2020,1.2586094
East Asia and Pacific (PIP),,2021,1.2305853
East Asia and Pacific (PIP),,2022,1.049692
East Timor,TLS,2001,40.91249
East Timor,TLS,2007,40.878075
East Timor,TLS,2014,24.443077
Eastern and Southern Africa (PIP),,1993,58.144577
Eastern and Southern Africa (PIP),,1994,58.321995
Eastern and Southern Africa (PIP),,1995,57.530533
Eastern and Southern Africa (PIP),,1996,56.612144
Eastern and Southern Africa (PIP),,1998,56.620205
Eastern and Southern Africa (PIP),,1999,56.593918
Eastern and Southern Africa (PIP),,2000,56.361534
Eastern and Southern Africa (PIP),,2001,55.913807
Eastern and Southern Africa (PIP),,2002,56.60016
Eastern and Southern Africa (PIP),,2003,55.641567
Eastern and Southern Africa (PIP),,2004,52.29783
Eastern and Southern Africa (PIP),,2005,50.205338
Eastern and Southern Africa (PIP),,2006,48.32625
Eastern and Southern Africa (PIP),,2007,47.055485
Eastern and Southern Africa (PIP),,2008,45.805748
Eastern and Southern Africa (PIP),,2009,45.5523
Eastern and Southern Africa (PIP),,2010,44.182724
Eastern and Southern Africa (PIP),,2011,42.887764
Eastern and Southern Africa (PIP),,2012,42.23709
Eastern and Southern Africa (PIP),,2013,41.669933
Eastern and Southern Africa (PIP),,2014,41.5195
Eastern and Southern Africa (PIP),,2015,41.719223
Eastern and Southern Africa (PIP),,2016,42.22032
Eastern and Southern Africa (PIP),,2017,42.571007
Eastern and Southern Africa (PIP),,2018,42.768036
Ecuador,ECU,1994,17.128565
Ecuador,ECU,1999,21.815004
Ecuador,ECU,2000,28.154139
Ecuador,ECU,2003,14.815193
Ecuador,ECU,2004,15.062325
Ecuador,ECU,2005,11.803507
Ecuador,ECU,2006,8.153784
Ecuador,ECU,2007,8.518901
Ecuador,ECU,2008,7.5139523
Ecuador,ECU,2009,7.3105
Ecuador,ECU,2010,5.678202
Ecuador,ECU,2011,4.6691976
Ecuador,ECU,2012,4.463145
Ecuador,ECU,2013,3.2410893
Ecuador,ECU,2014,2.6356108
Ecuador,ECU,2015,3.4400663
Ecuador,ECU,2016,3.5750275
Ecuador,ECU,2017,3.2132533
Ecuador,ECU,2018,3.3114905
Ecuador,ECU,2019,3.5835843
Ecuador,ECU,2020,6.519245
Ecuador,ECU,2021,3.5831802
Ecuador,ECU,2022,3.1807919
Ecuador (urban),,1987,17.614908
Ecuador (urban),,1995,13.808841
Ecuador (urban),,1998,15.662539
Egypt,EGY,1990,5.2945876
Egypt,EGY,1995,3.0367384
Egypt,EGY,1999,1.3830163
Egypt,EGY,2004,3.1076138
Egypt,EGY,2008,2.871903
Egypt,EGY,2010,1.037314
Egypt,EGY,2012,0.8900781
Egypt,EGY,2015,0.9060302
Egypt,EGY,2017,2.5048509
Egypt,EGY,2019,1.4670148
El Salvador,SLV,1989,18.902706
El Salvador,SLV,1991,22.060562
El Salvador,SLV,1995,13.2593
El Salvador,SLV,1996,15.262267
El Salvador,SLV,1998,21.031042
El Salvador,SLV,1999,17.251175
El Salvador,SLV,2000,12.942934
El Salvador,SLV,2001,14.104641
El Salvador,SLV,2002,14.728867
El Salvador,SLV,2003,15.813787
El Salvador,SLV,2004,11.488363
El Salvador,SLV,2005,11.278455
El Salvador,SLV,2006,7.650643
El Salvador,SLV,2007,5.0684905
El Salvador,SLV,2008,7.7175083
El Salvador,SLV,2009,7.41996
El Salvador,SLV,2010,6.345635
El Salvador,SLV,2011,5.3409295
El Salvador,SLV,2012,4.6371474
El Salvador,SLV,2013,3.6247292
El Salvador,SLV,2014,3.4414842
El Salvador,SLV,2015,2.308848
El Salvador,SLV,2016,2.632982
El Salvador,SLV,2017,2.1554992
El Salvador,SLV,2018,1.8427663
El Salvador,SLV,2019,1.4019152
El Salvador,SLV,2021,3.5861862
El Salvador,SLV,2022,3.363398
Estonia,EST,1993,1.352505
Estonia,EST,2003,2.5094907
Estonia,EST,2004,1.0788711
Estonia,EST,2005,0.81168425
Estonia,EST,2006,0.823972
Estonia,EST,2007,0.4253237
Estonia,EST,2008,0.38617754
Estonia,EST,2009,0.5550371
Estonia,EST,2010,0.7922196
Estonia,EST,2011,0.97961545
Estonia,EST,2012,0.73973876
Estonia,EST,2013,0.8596548
Estonia,EST,2014,0.8305271
Estonia,EST,2015,0.6000405
Estonia,EST,2016,0.47005862
Estonia,EST,2017,0.26870602
Estonia,EST,2018,0.24873585
Estonia,EST,2019,0.5569404
Estonia,EST,2020,0.34865937
Estonia,EST,2021,0.30924037
Eswatini,SWZ,1994,85.44823
Eswatini,SWZ,2000,56.133385
Eswatini,SWZ,2009,49.325603
Eswatini,SWZ,2016,36.07985
Ethiopia,ETH,1995,69.207146
Ethiopia,ETH,1999,58.026524
Ethiopia,ETH,2004,34.576767
Ethiopia,ETH,2010,30.750937
Ethiopia,ETH,2015,26.984606
Ethiopia (rural),,1981,71.43126
Europe and Central Asia (PIP),,1990,3.7863266
Europe and Central Asia (PIP),,1991,4.3255525
Europe and Central Asia (PIP),,1992,5.618683
Europe and Central Asia (PIP),,1993,6.396531
Europe and Central Asia (PIP),,1994,7.963161
Europe and Central Asia (PIP),,1995,8.047038
Europe and Central Asia (PIP),,1996,8.24306
Europe and Central Asia (PIP),,1997,7.6701746
Europe and Central Asia (PIP),,1998,7.8088803
Europe and Central Asia (PIP),,1999,9.978631
Europe and Central Asia (PIP),,2000,9.200122
Europe and Central Asia (PIP),,2001,8.32395
Europe and Central Asia (PIP),,2002,7.407961
Europe and Central Asia (PIP),,2003,7.256553
Europe and Central Asia (PIP),,2004,5.538109
Europe and Central Asia (PIP),,2005,4.731978
Europe and Central Asia (PIP),,2006,3.3014548
Europe and Central Asia (PIP),,2007,2.1667414
Europe and Central Asia (PIP),,2008,1.3906823
Europe and Central Asia (PIP),,2009,1.2129985
Europe and Central Asia (PIP),,2010,1.1587276
Europe and Central Asia (PIP),,2011,0.90832776
Europe and Central Asia (PIP),,2012,0.8692402
Europe and Central Asia (PIP),,2013,0.7007668
Europe and Central Asia (PIP),,2014,1.0117201
Europe and Central Asia (PIP),,2015,0.8450843
Europe and Central Asia (PIP),,2016,0.66614395
Europe and Central Asia (PIP),,2017,0.7207941
Europe and Central Asia (PIP),,2018,0.43764693
Europe and Central Asia (PIP),,2019,0.4578808
Europe and Central Asia (PIP),,2020,0.5234205
Europe and Central Asia (PIP),,2021,0.48261625
Europe and Central Asia (PIP),,2022,0.4571782
Fiji,FJI,2002,1.6781589
Fiji,FJI,2008,1.0271412
Fiji,FJI,2013,0.3635516
Fiji,FJI,2019,1.3182689
Finland,FIN,1987,0
Finland,FIN,1991,0
Finland,FIN,1995,0
Finland,FIN,2000,0
Finland,FIN,2003,0.049275037
Finland,FIN,2004,0.039413903
Finland,FIN,2005,0.05531524
Finland,FIN,2006,0.08037546
Finland,FIN,2007,0.063742585
Finland,FIN,2008,0.053872228
Finland,FIN,2009,0.052470084
Finland,FIN,2010,0.053840697
Finland,FIN,2011,0.04739088
Finland,FIN,2012,0.05272516
Finland,FIN,2013,0.08513758
Finland,FIN,2014,0.06616784
Finland,FIN,2015,0.07020851
Finland,FIN,2016,0.047236145
Finland,FIN,2017,0.065777734
Finland,FIN,2018,0.056774255
Finland,FIN,2019,0.03882923
Finland,FIN,2020,0.0276209
Finland,FIN,2021,0.021342963
France,FRA,1970,0
France,FRA,1975,0.24901384
France,FRA,1979,0.24820168
France,FRA,1984,0.49920356
France,FRA,1990,0.24754605
France,FRA,1996,0.24863891
France,FRA,1997,0.24609698
France,FRA,1998,0
France,FRA,1999,0
France,FRA,2000,0
France,FRA,2001,0
France,FRA,2002,0
France,FRA,2003,0.15735751
France,FRA,2004,0.049725942
France,FRA,2005,0.043055452
France,FRA,2006,0.027628507
France,FRA,2007,0.014867865
France,FRA,2008,0.009692239
France,FRA,2009,0.044349
France,FRA,2010,0.08739457
France,FRA,2011,0.025783392
France,FRA,2012,0.060952414
France,FRA,2013,0.06039008
France,FRA,2014,0.018678669
France,FRA,2015,0.13355504
France,FRA,2016,0.058125883
France,FRA,2017,0.015888225
France,FRA,2018,0.021168053
France,FRA,2019,0.051448993
France,FRA,2020,0.11489582
France,FRA,2021,0.056357384
Gabon,GAB,2005,5.483823
Gabon,GAB,2017,2.468642
Gambia,GMB,1998,74.09506
Gambia,GMB,2003,50.685493
Gambia,GMB,2010,29.829496
Gambia,GMB,2015,13.382067
Gambia,GMB,2020,17.242134
Georgia,GEO,1996,6.767305
Georgia,GEO,1997,18.784472
Georgia,GEO,1998,16.96164
Georgia,GEO,1999,21.790314
Georgia,GEO,2000,22.899906
Georgia,GEO,2001,23.008429
Georgia,GEO,2002,12.689577
Georgia,GEO,2003,12.949128
Georgia,GEO,2004,12.372008
Georgia,GEO,2005,12.882766
Georgia,GEO,2006,12.590183
Georgia,GEO,2007,14.197019
Georgia,GEO,2008,12.4464655
Georgia,GEO,2009,12.127902
Georgia,GEO,2010,14.364216
Georgia,GEO,2011,13.401543
Georgia,GEO,2012,10.6662245
Georgia,GEO,2013,8.078715
Georgia,GEO,2014,6.127039
Georgia,GEO,2015,4.879492
Georgia,GEO,2016,4.9133716
Georgia,GEO,2017,6.2298656
Georgia,GEO,2018,5.55908
Georgia,GEO,2019,4.8486285
Georgia,GEO,2020,5.8068676
Georgia,GEO,2021,5.4850264
Germany,DEU,1991,0
Germany,DEU,1992,0
Germany,DEU,1993,0
Germany,DEU,1994,0.19766816
Germany,DEU,1995,0.24792056
Germany,DEU,1996,0
Germany,DEU,1997,0
Germany,DEU,1998,0
Germany,DEU,1999,0
Germany,DEU,2000,0
Germany,DEU,2001,0
Germany,DEU,2002,0
Germany,DEU,2003,0
Germany,DEU,2004,0
Germany,DEU,2005,0
Germany,DEU,2006,0
Germany,DEU,2007,0
Germany,DEU,2008,0
Germany,DEU,2009,0
Germany,DEU,2010,0
Germany,DEU,2011,0
Germany,DEU,2012,0
Germany,DEU,2013,0
Germany,DEU,2014,0
Germany,DEU,2015,0
Germany,DEU,2016,0
Germany,DEU,2017,0.24747899
Germany,DEU,2018,0
Germany,DEU,2019,0
Ghana,GHA,1987,58.38573
Ghana,GHA,1988,57.54244
Ghana,GHA,1991,64.16775
Ghana,GHA,1998,54.995037
Ghana,GHA,2005,42.467743
Ghana,GHA,2012,25.689972
Ghana,GHA,2016,25.208553
Greece,GRC,1995,1.7376754
Greece,GRC,2000,0.49310544
Greece,GRC,2003,0.49829754
Greece,GRC,2004,0.64183205
Greece,GRC,2005,0.3385617
Greece,GRC,2006,0.55271566
Greece,GRC,2007,0.49926442
Greece,GRC,2008,0.3444438
Greece,GRC,2009,0.62663525
Greece,GRC,2010,0.97306836
Greece,GRC,2011,1.1229174
Greece,GRC,2012,1.4559224
Greece,GRC,2013,0.95517564
Greece,GRC,2014,1.5131936
Greece,GRC,2015,1.3700905
Greece,GRC,2016,1.0391967
Greece,GRC,2017,0.8727766
Greece,GRC,2018,0.13956267
Greece,GRC,2019,0.6895518
Greece,GRC,2020,0.80649555
Greece,GRC,2021,0.56709486
Grenada,GRD,2018,0.31790403
Guatemala,GTM,1986,49.702816
Guatemala,GTM,1989,36.99523
Guatemala,GTM,1998,13.99646
Guatemala,GTM,2000,9.607776
Guatemala,GTM,2006,11.650105
Guatemala,GTM,2014,9.521302
Guinea,GIN,1991,87.96424
Guinea,GIN,1994,41.212265
Guinea,GIN,2002,53.343784
Guinea,GIN,2007,48.129784
Guinea,GIN,2012,24.544147
Guinea,GIN,2018,13.8201
Guinea-Bissau,GNB,1993,42.232567
Guinea-Bissau,GNB,2002,53.166588
Guinea-Bissau,GNB,2010,66.68512
Guinea-Bissau,GNB,2018,21.66049
Guinea-Bissau,GNB,2021,25.962856
Guyana,GUY,1992,29.384405
Guyana,GUY,1998,11.897037
Haiti,HTI,2001,67.83363
Haiti,HTI,2012,57.87614
Honduras,HND,1989,39.95956
Honduras,HND,1990,41.99745
Honduras,HND,1991,30.774721
Honduras,HND,1992,26.968342
Honduras,HND,1993,21.429638
Honduras,HND,1994,24.304441
Honduras,HND,1995,26.229053
Honduras,HND,1996,28.550964
Honduras,HND,1997,19.590014
Honduras,HND,1998,24.543867
Honduras,HND,1999,24.925201
Honduras,HND,2001,19.837118
Honduras,HND,2002,21.995176
Honduras,HND,2003,26.499472
Honduras,HND,2004,25.43302
Honduras,HND,2005,25.067038
Honduras,HND,2006,21.142117
Honduras,HND,2007,15.642992
Honduras,HND,2008,15.244036
Honduras,HND,2009,12.32208
Honduras,HND,2010,13.802202
Honduras,HND,2011,14.32309
Honduras,HND,2012,16.992704
Honduras,HND,2013,14.568504
Honduras,HND,2014,13.282177
Honduras,HND,2015,12.977554
Honduras,HND,2016,14.606982
Honduras,HND,2017,13.855521
Honduras,HND,2018,14.233573
Honduras,HND,2019,12.742991
Honduras (urban),,1986,49.40574
Hungary,HUN,1987,0.06492065
Hungary,HUN,1989,0.077125244
Hungary,HUN,1991,1.6757866
Hungary,HUN,1993,0.18696655
Hungary,HUN,1994,1.2412218
Hungary,HUN,1999,0.20896545
Hungary,HUN,2004,0.10468204
Hungary,HUN,2005,0.7245052
Hungary,HUN,2006,0.13765296
Hungary,HUN,2007,0.14994031
Hungary,HUN,2008,0.021265052
Hungary,HUN,2009,0.06479282
Hungary,HUN,2010,0.071793154
Hungary,HUN,2011,0.09156373
Hungary,HUN,2012,0.32575902
Hungary,HUN,2013,0.1802988
Hungary,HUN,2014,0.6576744
Hungary,HUN,2015,0.62615484
Hungary,HUN,2016,1.3487226
Hungary,HUN,2017,0.60926735
Hungary,HUN,2018,0.20753036
Hungary,HUN,2019,0.30170247
Hungary,HUN,2020,0.3514764
Hungary,HUN,2021,0.4015956
Iceland,ISL,2003,0
Iceland,ISL,2004,0.17006549
Iceland,ISL,2005,0.03701966
Iceland,ISL,2006,0.14680485
Iceland,ISL,2007,0.08061417
Iceland,ISL,2008,0.060815003
Iceland,ISL,2009,0.09720067
Iceland,ISL,2010,0.14938448
Iceland,ISL,2011,0.12328397
Iceland,ISL,2012,0.033555817
Iceland,ISL,2013,0.047026344
Iceland,ISL,2014,0
Iceland,ISL,2015,0.034490183
Iceland,ISL,2016,0
Iceland,ISL,2017,0
India,IND,1977,63.467606
India,IND,1983,56.609833
India,IND,1987,50.85199
India,IND,1993,47.9618
India,IND,2004,40.60865
India,IND,2009,33.519478
India,IND,2011,22.907091
India,IND,2015,18.75968
India,IND,2016,18.12847
India,IND,2017,13.382485
India,IND,2018,11.097701
India,IND,2019,13.206914
India,IND,2020,15.457684
India,IND,2021,12.920034
India (rural),,1977,68.60353
India (rural),,1983,62.094315
India (rural),,1987,55.199158
India (rural),,1993,53.49183
India (rural),,2004,45.316933
India (rural),,2009,37.960625
India (rural),,2011,26.315826
India (rural),,2015,22.001148
India (rural),,2016,20.09264
India (rural),,2017,14.595456
India (rural),,2018,11.679734
India (rural),,2019,14.215045
India (rural),,2020,16.749794
India (rural),,2021,14.08614
India (urban),,1977,43.67802
India (urban),,1983,37.673363
India (urban),,1987,36.62318
India (urban),,1993,31.16639
India (urban),,2004,26.608566
India (urban),,2009,21.30813
India (urban),,2011,14.218487
India (urban),,2015,12.022836
India (urban),,2016,14.106582
India (urban),,2017,10.935455
India (urban),,2018,9.940657
India (urban),,2019,11.231797
India (urban),,2020,12.962317
India (urban),,2021,10.699697
Indonesia,IDN,1984,74.166245
Indonesia,IDN,1987,74.31923
Indonesia,IDN,1990,62.751244
Indonesia,IDN,1993,62.096775
Indonesia,IDN,1996,51.282604
Indonesia,IDN,1998,69.12381
Indonesia,IDN,1999,45.968132
Indonesia,IDN,2000,43.60342
Indonesia,IDN,2001,39.873127
Indonesia,IDN,2002,26.794165
Indonesia,IDN,2003,26.447796
Indonesia,IDN,2004,27.014864
Indonesia,IDN,2005,24.643833
Indonesia,IDN,2006,30.586498
Indonesia,IDN,2007,25.249058
Indonesia,IDN,2008,24.746971
Indonesia,IDN,2009,20.957842
Indonesia,IDN,2010,18.253092
Indonesia,IDN,2011,15.693082
Indonesia,IDN,2012,13.735316
Indonesia,IDN,2013,11.178797
Indonesia,IDN,2014,9.261918
Indonesia,IDN,2015,8.276287
Indonesia,IDN,2016,7.5173607
Indonesia,IDN,2017,6.6183476
Indonesia,IDN,2018,5.4243
Indonesia,IDN,2019,4.380574
Indonesia,IDN,2020,3.8313687
Indonesia,IDN,2021,3.547444
Indonesia,IDN,2022,2.4729118
Indonesia,IDN,2023,1.8809444
Indonesia (rural),,1984,83.29945
Indonesia (rural),,1987,82.61677
Indonesia (rural),,1990,73.09233
Indonesia (rural),,1993,74.12075
Indonesia (rural),,1996,64.02224
Indonesia (rural),,1998,81.54197
Indonesia (rural),,1999,56.624443
Indonesia (rural),,2000,53.8827
Indonesia (rural),,2001,51.22202
Indonesia (rural),,2002,38.145256
Indonesia (rural),,2003,36.952774
Indonesia (rural),,2004,38.416557
Indonesia (rural),,2005,35.559402
Indonesia (rural),,2006,43.09746
Indonesia (rural),,2007,35.88661
Indonesia (rural),,2008,34.19159
Indonesia (rural),,2009,28.880405
Indonesia (rural),,2010,25.334778
Indonesia (rural),,2011,21.598343
Indonesia (rural),,2012,18.85098
Indonesia (rural),,2013,14.904107
Indonesia (rural),,2014,11.9367895
Indonesia (rural),,2015,10.2228
Indonesia (rural),,2016,9.549999
Indonesia (rural),,2017,8.415813
Indonesia (rural),,2018,7.1567283
Indonesia (rural),,2019,5.8928576
Indonesia (rural),,2020,5.08164
Indonesia (rural),,2021,4.623175
Indonesia (rural),,2022,3.1192384
Indonesia (rural),,2023,2.3482606
Indonesia (urban),,1984,47.119717
Indonesia (urban),,1987,52.807056
Indonesia (urban),,1990,39.28027
Indonesia (urban),,1993,38.555283
Indonesia (urban),,1996,29.808098
Indonesia (urban),,1998,50.177444
Indonesia (urban),,1999,30.500916
Indonesia (urban),,2000,29.409393
Indonesia (urban),,2001,24.695375
Indonesia (urban),,2002,12.09152
Indonesia (urban),,2003,13.269445
Indonesia (urban),,2004,13.163076
Indonesia (urban),,2005,11.799944
Indonesia (urban),,2006,16.329176
Indonesia (urban),,2007,13.508253
Indonesia (urban),,2008,14.651672
Indonesia (urban),,2009,12.755999
Indonesia (urban),,2010,11.146999
Indonesia (urban),,2011,9.926712
Indonesia (urban),,2012,8.874259
Indonesia (urban),,2013,7.733843
Indonesia (urban),,2014,6.854864
Indonesia (urban),,2015,6.571697
Indonesia (urban),,2016,5.7850866
Indonesia (urban),,2017,5.127305
Indonesia (urban),,2018,4.025362
Indonesia (urban),,2019,3.1916287
Indonesia (urban),,2020,2.8742793
Indonesia (urban),,2021,2.7454808
Indonesia (urban),,2022,2.0036125
Indonesia (urban),,2023,1.5504112
Iran,IRN,1986,9.139033
Iran,IRN,1990,8.431168
Iran,IRN,1994,4.47688
Iran,IRN,1998,4.525698
Iran,IRN,2005,1.0210205
Iran,IRN,2006,0.8490968
Iran,IRN,2009,1.4918264
Iran,IRN,2011,0.50416595
Iran,IRN,2012,0.25400558
Iran,IRN,2013,0.28810316
Iran,IRN,2014,0.6163683
Iran,IRN,2015,0.40074104
Iran,IRN,2016,0.4450634
Iran,IRN,2017,0.32945344
Iran,IRN,2018,0.6712102
Iran,IRN,2019,0.72633666
Iran,IRN,2020,0.8114429
Iran,IRN,2021,0.65237933
Iran,IRN,2022,0.46844715
Iraq,IRQ,2006,0.03518214
Iraq,IRQ,2012,0.08875247
Ireland,IRL,1987,0.689184
Ireland,IRL,1994,0.16343378
Ireland,IRL,1995,0.17609753
Ireland,IRL,1996,0.22401807
Ireland,IRL,2000,0.1782722
Ireland,IRL,2002,0.23505183
Ireland,IRL,2003,0.12763272
Ireland,IRL,2004,0.052105937
Ireland,IRL,2005,0.021705687
Ireland,IRL,2006,0.3984308
Ireland,IRL,2007,0.098496266
Ireland,IRL,2008,0.1805067
Ireland,IRL,2009,0.49060217
Ireland,IRL,2010,0.54275715
Ireland,IRL,2011,0.5449447
Ireland,IRL,2012,0.33501238
Ireland,IRL,2013,0.6822285
Ireland,IRL,2014,0.38895378
Ireland,IRL,2015,0.36762756
Ireland,IRL,2016,0.13472612
Ireland,IRL,2017,0.24319613
Ireland,IRL,2018,0.003921386
Ireland,IRL,2019,0.058011558
Ireland,IRL,2020,0.14430559
Ireland,IRL,2021,0.063545495
Israel,ISR,1979,0
Israel,ISR,1986,0.23550048
Israel,ISR,1992,0.21532728
Israel,ISR,1997,0.24560836
Israel,ISR,2001,0.24897778
Israel,ISR,2002,0.48042536
Israel,ISR,2003,0.46270582
Israel,ISR,2004,0.49913883
Israel,ISR,2005,0.4833153
Israel,ISR,2006,0.22496581
Israel,ISR,2007,0.4918124
Israel,ISR,2008,0.4835079
Israel,ISR,2009,0.49162772
Israel,ISR,2010,0.46020398
Israel,ISR,2011,0.23077059
Israel,ISR,2012,0.48919725
Israel,ISR,2013,0.4745734
Israel,ISR,2014,0.49243245
Israel,ISR,2015,0.49385363
Israel,ISR,2016,0.24139464
Israel,ISR,2017,0.45742482
Israel,ISR,2018,0.49676624
Israel,ISR,2019,0.725289
Israel,ISR,2020,0.44975653
Israel,ISR,2021,0.2422214
Italy,ITA,1977,0.22906405
Italy,ITA,1978,0.48330766
Italy,ITA,1979,0.48833704
Italy,ITA,1980,0.22686729
Italy,ITA,1981,0
Italy,ITA,1982,0
Italy,ITA,1983,0.21823193
Italy,ITA,1984,0
Italy,ITA,1986,0.24690011
Italy,ITA,1987,0.9951176
Italy,ITA,1989,0
Italy,ITA,1991,0.228989
Italy,ITA,1993,1.2493539
Italy,ITA,1995,0.74394846
Italy,ITA,1998,1.7424412
Italy,ITA,2000,1.2495171
Italy,ITA,2002,1.4982808
Italy,ITA,2003,0.7694033
Italy,ITA,2004,0.6045206
Italy,ITA,2005,0.6472902
Italy,ITA,2006,0.65343624
Italy,ITA,2007,0.680243
Italy,ITA,2008,0.70417947
Italy,ITA,2009,0.91157925
Italy,ITA,2010,1.2652895
Italy,ITA,2011,1.156048
Italy,ITA,2012,1.2006085
Italy,ITA,2013,1.3731673
Italy,ITA,2014,1.2321203
Italy,ITA,2015,1.9488665
Italy,ITA,2016,1.6299454
Italy,ITA,2017,1.4216343
Italy,ITA,2018,1.4576468
Italy,ITA,2019,0.9943459
Italy,ITA,2020,0.82779175
Italy,ITA,2021,0.8145304
Jamaica,JAM,1988,4.6355395
Jamaica,JAM,1990,2.8804874
Jamaica,JAM,1993,7.418186
Jamaica,JAM,1996,2.5628607
Jamaica,JAM,1999,2.3147032
Jamaica,JAM,2002,2.1286912
Jamaica,JAM,2004,1.177246
Jamaica,JAM,2018,0.05606334
Jamaica,JAM,2021,0.30976602
Japan,JPN,2008,0.4798256
Japan,JPN,2010,0
Japan,JPN,2013,0.72788787
Jordan,JOR,1986,0
Jordan,JOR,1992,0.63853633
Jordan,JOR,1997,0.40664914
Jordan,JOR,2002,0.1951805
Jordan,JOR,2006,0.09088745
Jordan,JOR,2008,0.010805056
Jordan,JOR,2010,0.040854882
Kazakhstan,KAZ,1993,8.435303
Kazakhstan,KAZ,1996,7.9405093
Kazakhstan,KAZ,2001,12.814419
Kazakhstan,KAZ,2002,8.887372
Kazakhstan,KAZ,2003,6.167813
Kazakhstan,KAZ,2004,3.3167064
Kazakhstan,KAZ,2005,8.661422
Kazakhstan,KAZ,2006,1.0114723
Kazakhstan,KAZ,2007,0.38554862
Kazakhstan,KAZ,2008,0.2428652
Kazakhstan,KAZ,2009,0.2441653
Kazakhstan,KAZ,2010,0.19512291
Kazakhstan,KAZ,2011,0.07109477
Kazakhstan,KAZ,2012,0.03842411
Kazakhstan,KAZ,2013,0.033109628
Kazakhstan,KAZ,2014,0.01927526
Kazakhstan,KAZ,2015,0.038270585
Kazakhstan,KAZ,2016,0.05052872
Kazakhstan,KAZ,2017,0.041498996
Kazakhstan,KAZ,2018,0.015140791
Kazakhstan,KAZ,2019,0.016059816
Kazakhstan,KAZ,2020,0.01182706
Kazakhstan,KAZ,2021,0.017695257
Kenya,KEN,1992,26.44514
Kenya,KEN,1994,25.880554
Kenya,KEN,1997,25.393864
Kenya,KEN,2005,36.67384
Kenya,KEN,2015,29.365105
Kenya,KEN,2020,35.03161
Kenya,KEN,2021,36.146057
Kiribati,KIR,2006,14.027153
Kiribati,KIR,2019,1.6780767
Kosovo,OWID_KOS,2003,2.3978596
Kosovo,OWID_KOS,2005,4.209292
Kosovo,OWID_KOS,2006,4.075942
Kosovo,OWID_KOS,2009,3.4097538
Kosovo,OWID_KOS,2010,2.8943646
Kosovo,OWID_KOS,2011,1.8802686
Kosovo,OWID_KOS,2012,0.8349306
Kosovo,OWID_KOS,2013,0.44521713
Kosovo,OWID_KOS,2014,1.1369094
Kosovo,OWID_KOS,2015,0.77977383
Kosovo,OWID_KOS,2016,0.7646961
Kosovo,OWID_KOS,2017,0.4402413
Kyrgyzstan,KGZ,2000,38.18244
Kyrgyzstan,KGZ,2001,33.356903
Kyrgyzstan,KGZ,2002,31.149364
Kyrgyzstan,KGZ,2003,25.70318
Kyrgyzstan,KGZ,2004,11.575469
Kyrgyzstan,KGZ,2005,13.574837
Kyrgyzstan,KGZ,2006,8.371434
Kyrgyzstan,KGZ,2007,8.752659
Kyrgyzstan,KGZ,2008,3.3092885
Kyrgyzstan,KGZ,2009,1.5469307
Kyrgyzstan,KGZ,2010,3.5214179
Kyrgyzstan,KGZ,2011,1.2577704
Kyrgyzstan,KGZ,2012,2.6298146
Kyrgyzstan,KGZ,2013,2.6200042
Kyrgyzstan,KGZ,2014,1.0484436
Kyrgyzstan,KGZ,2015,2.1805964
Kyrgyzstan,KGZ,2016,1.1435105
Kyrgyzstan,KGZ,2017,1.2685745
Kyrgyzstan,KGZ,2018,0.73589146
Kyrgyzstan,KGZ,2019,0.65906364
Kyrgyzstan,KGZ,2020,1.3309736
Kyrgyzstan,KGZ,2021,0.71577924
Laos,LAO,1992,23.700804
Laos,LAO,1997,43.195446
Laos,LAO,2002,25.369883
Laos,LAO,2007,19.54654
Laos,LAO,2012,10.891045
Laos,LAO,2018,7.1383624
Latin America and the Caribbean (PIP),,1990,17.436167
Latin America and the Caribbean (PIP),,1991,16.886362
Latin America and the Caribbean (PIP),,1992,16.701756
Latin America and the Caribbean (PIP),,1993,16.554996
Latin America and the Caribbean (PIP),,1994,15.260422
Latin America and the Caribbean (PIP),,1995,14.720561
Latin America and the Caribbean (PIP),,1996,16.038357
Latin America and the Caribbean (PIP),,1997,15.86801
Latin America and the Caribbean (PIP),,1998,15.60683
Latin America and the Caribbean (PIP),,1999,15.84506
Latin America and the Caribbean (PIP),,2000,14.428827
Latin America and the Caribbean (PIP),,2001,13.897181
Latin America and the Caribbean (PIP),,2002,12.653783
Latin America and the Caribbean (PIP),,2003,12.755683
Latin America and the Caribbean (PIP),,2004,11.832573
Latin America and the Caribbean (PIP),,2005,11.305539
Latin America and the Caribbean (PIP),,2006,9.337693
Latin America and the Caribbean (PIP),,2007,8.154387
Latin America and the Caribbean (PIP),,2008,7.408504
Latin America and the Caribbean (PIP),,2009,7.059079
Latin America and the Caribbean (PIP),,2010,6.2786264
Latin America and the Caribbean (PIP),,2011,5.794125
Latin America and the Caribbean (PIP),,2012,5.4277787
Latin America and the Caribbean (PIP),,2013,4.843142
Latin America and the Caribbean (PIP),,2014,4.565828
Latin America and the Caribbean (PIP),,2015,4.311873
Latin America and the Caribbean (PIP),,2016,4.5386147
Latin America and the Caribbean (PIP),,2017,4.5572042
Latin America and the Caribbean (PIP),,2018,4.453467
Latin America and the Caribbean (PIP),,2019,4.444006
Latin America and the Caribbean (PIP),,2020,4.03167
Latin America and the Caribbean (PIP),,2021,4.799829
Latin America and the Caribbean (PIP),,2022,3.6659577
Latvia,LVA,1993,0.016102295
Latvia,LVA,1995,0.030572971
Latvia,LVA,1996,1.7655892
Latvia,LVA,2004,2.4903991
Latvia,LVA,2005,2.3620217
Latvia,LVA,2006,1.5533317
Latvia,LVA,2007,0.6350043
Latvia,LVA,2008,1.2787416
Latvia,LVA,2009,1.696778
Latvia,LVA,2010,1.7326765
Latvia,LVA,2011,1.0286086
Latvia,LVA,2012,1.0676994
Latvia,LVA,2013,1.1653787
Latvia,LVA,2014,0.79135585
Latvia,LVA,2015,0.650311
Latvia,LVA,2016,0.64695126
Latvia,LVA,2017,0.7972179
Latvia,LVA,2018,0.36000243
Latvia,LVA,2019,0.2391008
Latvia,LVA,2020,0.45501179
Latvia,LVA,2021,0.39730492
Lebanon,LBN,2011,0
Lesotho,LSO,1986,53.98758
Lesotho,LSO,1994,53.69109
Lesotho,LSO,2002,66.27836
Lesotho,LSO,2017,32.39991
Liberia,LBR,2007,53.34778
Liberia,LBR,2014,25.930763
Liberia,LBR,2016,27.617746
Lithuania,LTU,1993,6.6169634
Lithuania,LTU,2004,2.707487
Lithuania,LTU,2005,1.7817268
Lithuania,LTU,2006,1.5230172
Lithuania,LTU,2007,1.3395644
Lithuania,LTU,2008,1.389226
Lithuania,LTU,2009,2.2432506
Lithuania,LTU,2010,1.5343399
Lithuania,LTU,2011,0.70057505
Lithuania,LTU,2012,0.94779253
Lithuania,LTU,2013,0.70500815
Lithuania,LTU,2014,1.262026
Lithuania,LTU,2015,0.7198586
Lithuania,LTU,2016,1.2705059
Lithuania,LTU,2017,1.0225072
Lithuania,LTU,2018,0.9250136
Lithuania,LTU,2019,0.54792964
Lithuania,LTU,2020,0.18947333
Lithuania,LTU,2021,0.25060093
Luxembourg,LUX,1985,0
Luxembourg,LUX,1986,0
Luxembourg,LUX,1987,0
Luxembourg,LUX,1988,0
Luxembourg,LUX,1989,0
Luxembourg,LUX,1990,0
Luxembourg,LUX,1991,0
Luxembourg,LUX,1992,0
Luxembourg,LUX,1993,0
Luxembourg,LUX,1994,0
Luxembourg,LUX,1995,0
Luxembourg,LUX,1996,0
Luxembourg,LUX,1997,0
Luxembourg,LUX,1998,0
Luxembourg,LUX,1999,0
Luxembourg,LUX,2000,0
Luxembourg,LUX,2001,0
Luxembourg,LUX,2002,0
Luxembourg,LUX,2003,0.07174669
Luxembourg,LUX,2004,0.018192332
Luxembourg,LUX,2005,0.03469405
Luxembourg,LUX,2006,0
Luxembourg,LUX,2007,0.021916224
Luxembourg,LUX,2008,0
Luxembourg,LUX,2009,0.04411102
Luxembourg,LUX,2010,0
Luxembourg,LUX,2011,0.11757935
Luxembourg,LUX,2012,0.043618947
Luxembourg,LUX,2013,0.08910331
Luxembourg,LUX,2014,0.13992491
Luxembourg,LUX,2015,0.30012453
Luxembourg,LUX,2016,0.11721951
Luxembourg,LUX,2017,0.28312987
Luxembourg,LUX,2018,0.28481787
Luxembourg,LUX,2019,0.101187475
Luxembourg,LUX,2020,0
Luxembourg,LUX,2021,0.050036773
Madagascar,MDG,1980,48.69854
Madagascar,MDG,1993,73.25071
Madagascar,MDG,1997,69.37031
Madagascar,MDG,1999,66.86746
Madagascar,MDG,2001,70.9964
Madagascar,MDG,2005,74.22137
Madagascar,MDG,2010,80.15473
Madagascar,MDG,2012,80.73006
Malawi,MWI,1997,58.4548
Malawi,MWI,2004,68.864586
Malawi,MWI,2010,68.42152
Malawi,MWI,2016,65.73572
Malawi,MWI,2019,70.0606
Malaysia,MYS,1984,3.5981495
Malaysia,MYS,1987,2.865874
Malaysia,MYS,1989,2.24344
Malaysia,MYS,1992,2.0359619
Malaysia,MYS,1995,2.475327
Malaysia,MYS,1997,0.7178662
Malaysia,MYS,2003,1.5712516
Malaysia,MYS,2006,0.77013826
Malaysia,MYS,2008,0.69657385
Malaysia,MYS,2011,0.13992567
Malaysia,MYS,2013,0.03397699
Malaysia,MYS,2015,0.019036654
Malaysia,MYS,2018,0.01102865
Malaysia,MYS,2021,0
Maldives,MDV,2002,6.6081805
Maldives,MDV,2009,3.772896
Maldives,MDV,2016,0
Maldives,MDV,2019,0
Mali,MLI,1994,84.49572
Mali,MLI,2001,57.15224
Mali,MLI,2006,49.676163
Mali,MLI,2009,48.172142
Mali,MLI,2018,15.218806
Mali,MLI,2021,20.849255
Malta,MLT,2006,0.51195854
Malta,MLT,2007,0.4103244
Malta,MLT,2008,0.109011516
Malta,MLT,2009,0.43044543
Malta,MLT,2010,0.21927387
Malta,MLT,2011,0.1857052
Malta,MLT,2012,0.11772207
Malta,MLT,2013,0.029666146
Malta,MLT,2014,0
Malta,MLT,2015,0.08437797
Malta,MLT,2016,0.09208711
Malta,MLT,2017,0.15988651
Malta,MLT,2018,0.10338061
Malta,MLT,2019,0.30468178
Malta,MLT,2020,0.25567448
Marshall Islands,MHL,2019,0.85434437
Mauritania,MRT,1987,41.38252
Mauritania,MRT,1993,42.872517
Mauritania,MRT,1995,21.832048
Mauritania,MRT,2000,21.487999
Mauritania,MRT,2004,18.127827
Mauritania,MRT,2008,11.855509
Mauritania,MRT,2014,6.490837
Mauritania,MRT,2019,5.354673
Mauritius,MUS,2006,0.30761176
Mauritius,MUS,2012,0.4123899
Mauritius,MUS,2017,0.12531371
Mexico,MEX,1984,8.306812
Mexico,MEX,1989,8.705063
Mexico,MEX,1992,7.8659563
Mexico,MEX,1994,7.933994
Mexico,MEX,1996,13.960938
Mexico,MEX,1998,15.237268
Mexico,MEX,2000,10.678649
Mexico,MEX,2002,7.5212464
Mexico,MEX,2004,7.150816
Mexico,MEX,2005,7.800171
Mexico,MEX,2006,5.3540764
Mexico,MEX,2008,5.982281
Mexico,MEX,2010,4.704363
Mexico,MEX,2012,4.1995993
Mexico,MEX,2014,3.9831142
Mexico,MEX,2016,2.3163962
Mexico,MEX,2018,1.8759747
Mexico,MEX,2020,2.1319396
Mexico,MEX,2022,1.1796793
Micronesia (country),FSM,2005,8.559808
Micronesia (country),FSM,2013,16.028437
Micronesia (country) (urban),,2000,43.482056
Middle East and North Africa (PIP),,1990,6.278915
Middle East and North Africa (PIP),,1991,6.1395373
Middle East and North Africa (PIP),,1992,5.4488397
Middle East and North Africa (PIP),,1993,5.246109
Middle East and North Africa (PIP),,1994,4.861996
Middle East and North Africa (PIP),,1995,4.9216657
Middle East and North Africa (PIP),,1996,4.3080406
Middle East and North Africa (PIP),,1997,4.1600103
Middle East and North Africa (PIP),,1998,3.8079648
Middle East and North Africa (PIP),,1999,3.694433
Middle East and North Africa (PIP),,2000,3.4010627
Middle East and North Africa (PIP),,2001,3.346955
Middle East and North Africa (PIP),,2003,3.0634203
Middle East and North Africa (PIP),,2004,2.8007512
Middle East and North Africa (PIP),,2005,2.7396662
Middle East and North Africa (PIP),,2006,2.6651516
Middle East and North Africa (PIP),,2007,2.6739016
Middle East and North Africa (PIP),,2008,2.6016438
Middle East and North Africa (PIP),,2009,2.3400216
Middle East and North Africa (PIP),,2010,2.0221896
Middle East and North Africa (PIP),,2011,2.156642
Middle East and North Africa (PIP),,2012,2.27664
Middle East and North Africa (PIP),,2013,2.5470445
Middle East and North Africa (PIP),,2014,2.7966495
Middle East and North Africa (PIP),,2015,3.6996107
Middle East and North Africa (PIP),,2016,4.4778953
Middle East and North Africa (PIP),,2017,4.6853886
Middle East and North Africa (PIP),,2018,4.7318134
Moldova,MDA,1997,13.0094795
Moldova,MDA,1998,24.047401
Moldova,MDA,1999,33.508854
Moldova,MDA,2000,31.08438
Moldova,MDA,2001,23.255726
Moldova,MDA,2002,13.558621
Moldova,MDA,2003,5.6087055
Moldova,MDA,2004,6.550409
Moldova,MDA,2005,10.87486
Moldova,MDA,2006,1.9625398
Moldova,MDA,2007,0.9524417
Moldova,MDA,2008,0.9574248
Moldova,MDA,2009,0.65801674
Moldova,MDA,2010,0.41040125
Moldova,MDA,2011,0.21669711
Moldova,MDA,2012,0.13851036
Moldova,MDA,2013,0.025188606
Moldova,MDA,2014,0
Moldova,MDA,2015,0.031209245
Moldova,MDA,2016,0.10805441
Moldova,MDA,2017,0
Moldova,MDA,2018,0
Moldova,MDA,2019,0.02864514
Moldova,MDA,2021,0
Mongolia,MNG,1995,14.911803
Mongolia,MNG,1998,28.44928
Mongolia,MNG,2002,11.612102
Mongolia,MNG,2007,1.6951885
Mongolia,MNG,2010,1.1435707
Mongolia,MNG,2011,0.85668147
Mongolia,MNG,2012,0.47310936
Mongolia,MNG,2014,0.32755226
Mongolia,MNG,2016,0.7064973
Mongolia,MNG,2018,0.7115856
Mongolia,MNG,2022,0.2234101
Montenegro,MNE,2012,3.0313168
Montenegro,MNE,2013,3.0291824
Montenegro,MNE,2014,1.6274612
Montenegro,MNE,2015,1.3457713
Montenegro,MNE,2016,2.4743311
Montenegro,MNE,2017,3.3115063
Montenegro,MNE,2018,2.839833
Montenegro,MNE,2019,1.9976742
Montenegro,MNE,2020,1.7676241
Montenegro,MNE,2021,1.9771242
Morocco,MAR,1984,13.195374
Morocco,MAR,1990,4.728802
Morocco,MAR,1998,8.375334
Morocco,MAR,2000,7.9340315
Morocco,MAR,2006,4.242266
Morocco,MAR,2013,1.4431101
Mozambique,MOZ,1996,82.68429
Mozambique,MOZ,2002,80.58823
Mozambique,MOZ,2008,70.795815
Mozambique,MOZ,2014,64.64086
Mozambique,MOZ,2019,74.52835
Myanmar,MMR,2015,6.2170024
Myanmar,MMR,2017,1.9911567
Namibia,NAM,1993,53.516834
Namibia,NAM,2003,35.861526
Namibia,NAM,2009,26.944029
Namibia,NAM,2015,15.617013
Nauru,NRU,2012,1.6715107
Nepal,NPL,1984,68.46162
Nepal,NPL,1995,55.155148
Nepal,NPL,2003,40.30675
Nepal,NPL,2010,8.2404995
Netherlands,NLD,1983,0.45828018
Netherlands,NLD,1987,0.24944825
Netherlands,NLD,1990,0.9527308
Netherlands,NLD,1993,1.2487618
Netherlands,NLD,1999,0.20289831
Netherlands,NLD,2004,0.23587565
Netherlands,NLD,2005,0.14832005
Netherlands,NLD,2006,0.045792855
Netherlands,NLD,2007,0.02863133
Netherlands,NLD,2008,0.13360895
Netherlands,NLD,2009,0.1107701
Netherlands,NLD,2010,0.047438905
Netherlands,NLD,2011,0.09605309
Netherlands,NLD,2012,0.07584219
Netherlands,NLD,2013,0.08687879
Netherlands,NLD,2014,0.05771296
Netherlands,NLD,2015,0.06166262
Netherlands,NLD,2016,0.045917112
Netherlands,NLD,2017,0.18876624
Netherlands,NLD,2018,0.10091632
Netherlands,NLD,2019,0.0957287
Netherlands,NLD,2020,0.02796322
Netherlands,NLD,2021,0.06971744
Nicaragua,NIC,1993,38.314228
Nicaragua,NIC,1998,25.759579
Nicaragua,NIC,2001,17.814484
Nicaragua,NIC,2005,9.098515
Nicaragua,NIC,2009,8.276645
Nicaragua,NIC,2014,3.9410286
Niger,NER,1992,84.36487
Niger,NER,1994,85.516365
Niger,NER,2005,80.50121
Niger,NER,2007,78.89103
Niger,NER,2011,60.55905
Niger,NER,2014,53.56471
Niger,NER,2018,50.905937
Niger,NER,2021,50.613815
Nigeria,NGA,1985,47.821873
Nigeria,NGA,1992,52.353878
Nigeria,NGA,1996,58.419514
Nigeria,NGA,2003,47.878925
Nigeria,NGA,2010,34.88533
Nigeria,NGA,2012,33.82892
Nigeria,NGA,2015,32.25663
Nigeria,NGA,2018,30.863297
North Macedonia,MKD,2009,9.767671
North Macedonia,MKD,2010,10.448227
North Macedonia,MKD,2011,9.087074
North Macedonia,MKD,2012,6.9127917
North Macedonia,MKD,2013,5.2256985
North Macedonia,MKD,2014,4.5167346
North Macedonia,MKD,2015,5.5025377
North Macedonia,MKD,2016,4.2366357
North Macedonia,MKD,2017,4.4940066
North Macedonia,MKD,2018,3.3985562
North Macedonia,MKD,2019,2.6633506
Norway,NOR,1979,0.22752123
Norway,NOR,1986,0.24487592
Norway,NOR,1991,0.47524884
Norway,NOR,1995,0.4910345
Norway,NOR,2000,0.23508184
Norway,NOR,2003,0.20452435
Norway,NOR,2004,0.2648449
Norway,NOR,2005,0.20196272
Norway,NOR,2006,0.13099638
Norway,NOR,2007,0.12668282
Norway,NOR,2008,0.2267255
Norway,NOR,2009,0.086947724
Norway,NOR,2010,0.15098813
Norway,NOR,2011,0.09757115
Norway,NOR,2012,0.117306806
Norway,NOR,2013,0.13043559
Norway,NOR,2014,0.11292123
Norway,NOR,2015,0.17004924
Norway,NOR,2016,0.28067333
Norway,NOR,2017,0.29165247
Norway,NOR,2018,0.25446132
Norway,NOR,2019,0.15653396
Other high income countries (PIP),,1990,0.42630225
Other high income countries (PIP),,1991,0.44946986
Other high income countries (PIP),,1992,0.49937353
Other high income countries (PIP),,1993,0.5613444
Other high income countries (PIP),,1994,0.5236654
Other high income countries (PIP),,1995,0.51693434
Other high income countries (PIP),,1996,0.56044215
Other high income countries (PIP),,1997,0.5498085
Other high income countries (PIP),,1998,0.5531731
Other high income countries (PIP),,1999,0.52075416
Other high income countries (PIP),,2000,0.48982272
Other high income countries (PIP),,2001,0.5038237
Other high income countries (PIP),,2002,0.51710296
Other high income countries (PIP),,2003,0.56821907
Other high income countries (PIP),,2004,0.54125947
Other high income countries (PIP),,2005,0.53801364
Other high income countries (PIP),,2006,0.5125799
Other high income countries (PIP),,2007,0.49825838
Other high income countries (PIP),,2008,0.5086659
Other high income countries (PIP),,2009,0.52174586
Other high income countries (PIP),,2010,0.5173461
Other high income countries (PIP),,2011,0.5562984
Other high income countries (PIP),,2012,0.58322036
Other high income countries (PIP),,2013,0.63947076
Other high income countries (PIP),,2014,0.68044233
Other high income countries (PIP),,2015,0.7384941
Other high income countries (PIP),,2016,0.63503456
Other high income countries (PIP),,2017,0.69869906
Other high income countries (PIP),,2018,0.6203823
Other high income countries (PIP),,2019,0.5954254
Other high income countries (PIP),,2020,0.35821235
Other high income countries (PIP),,2021,0.31544593
Other high income countries (PIP),,2022,0.3134084
Pakistan,PAK,1987,67.336235
Pakistan,PAK,1990,65.1108
Pakistan,PAK,1996,22.29407
Pakistan,PAK,1998,29.7766
Pakistan,PAK,2001,33.275234
Pakistan,PAK,2004,20.203358
Pakistan,PAK,2005,20.296938
Pakistan,PAK,2007,14.898684
Pakistan,PAK,2010,9.381865
Pakistan,PAK,2011,9.587885
Pakistan,PAK,2013,7.362643
Pakistan,PAK,2015,5.110188
Pakistan,PAK,2018,4.932448
Palestine,PSE,2004,0.5896262
Palestine,PSE,2005,0.20256646
Palestine,PSE,2006,0.31365532
Palestine,PSE,2007,1.3573977
Palestine,PSE,2009,0.2651386
Palestine,PSE,2010,0.04360255
Palestine,PSE,2011,0.18903968
Palestine,PSE,2016,0.5027174
Panama,PAN,1979,6.195905
Panama,PAN,1989,22.412273
Panama,PAN,1991,20.110653
Panama,PAN,1995,15.194985
Panama,PAN,1997,14.206259
Panama,PAN,1998,14.458805
Panama,PAN,1999,12.275087
Panama,PAN,2000,11.071512
Panama,PAN,2001,14.045302
Panama,PAN,2002,9.564354
Panama,PAN,2003,9.879252
Panama,PAN,2004,8.747402
Panama,PAN,2005,8.564978
Panama,PAN,2006,9.389637
Panama,PAN,2007,6.665941
Panama,PAN,2008,4.0731487
Panama,PAN,2009,2.5282087
Panama,PAN,2010,3.3920667
Panama,PAN,2011,2.452237
Panama,PAN,2012,3.4651458
Panama,PAN,2013,2.2445593
Panama,PAN,2014,2.8937745
Panama,PAN,2015,1.5139548
Panama,PAN,2016,1.5169268
Panama,PAN,2017,2.0971286
Panama,PAN,2018,1.4056449
Panama,PAN,2019,1.0040996
Panama,PAN,2021,1.1082573
Panama,PAN,2023,1.2881935
Papua New Guinea,PNG,1996,52.644897
Papua New Guinea,PNG,2009,39.68331
Paraguay,PRY,1990,1.1892296
Paraguay,PRY,1995,12.40302
Paraguay,PRY,1997,10.553168
Paraguay,PRY,1999,10.206738
Paraguay,PRY,2001,8.94098
Paraguay,PRY,2002,13.235834
Paraguay,PRY,2003,8.302468
Paraguay,PRY,2004,5.7077723
Paraguay,PRY,2005,6.0722804
Paraguay,PRY,2006,7.947744
Paraguay,PRY,2007,7.842305
Paraguay,PRY,2008,4.321988
Paraguay,PRY,2009,5.767492
Paraguay,PRY,2010,5.4597416
Paraguay,PRY,2011,5.048014
Paraguay,PRY,2012,3.33131
Paraguay,PRY,2013,1.7875661
Paraguay,PRY,2014,2.413888
Paraguay,PRY,2015,1.8913445
Paraguay,PRY,2016,1.6942916
Paraguay,PRY,2017,0.98143935
Paraguay,PRY,2018,1.4066867
Paraguay,PRY,2019,1.0115106
Paraguay,PRY,2020,0.81328356
Paraguay,PRY,2021,0.6891791
Paraguay,PRY,2022,1.3295585
Peru,PER,1997,19.838614
Peru,PER,1998,19.447102
Peru,PER,1999,19.33591
Peru,PER,2000,19.268625
Peru,PER,2001,20.254484
Peru,PER,2002,17.54501
Peru,PER,2003,14.664634
Peru,PER,2004,16.311806
Peru,PER,2005,17.811798
Peru,PER,2006,15.597147
Peru,PER,2007,13.215263
Peru,PER,2008,10.917175
Peru,PER,2009,8.811538
Peru,PER,2010,6.8237686
Peru,PER,2011,6.5040245
Peru,PER,2012,6.078547
Peru,PER,2013,5.3963337
Peru,PER,2014,4.824813
Peru,PER,2015,4.7185483
Peru,PER,2016,4.596183
Peru,PER,2017,4.4970593
Peru,PER,2018,3.5669863
Peru,PER,2019,2.9770849
Peru,PER,2020,5.8217554
Peru,PER,2021,2.773094
Peru,PER,2022,2.656552
Philippines,PHL,1985,28.730371
Philippines,PHL,1988,25.760872
Philippines,PHL,1991,27.195015
Philippines,PHL,1994,25.580334
Philippines,PHL,1997,18.161642
Philippines,PHL,2000,15.031992
Philippines,PHL,2003,13.634615
Philippines,PHL,2006,15.298533
Philippines,PHL,2009,11.126217
Philippines,PHL,2012,12.485543
Philippines,PHL,2015,8.290904
Philippines,PHL,2018,5.057057
Philippines,PHL,2021,6.754131
Poland,POL,1985,0.19917113
Poland,POL,1986,0.24560685
Poland,POL,1987,0.15035279
Poland,POL,1989,0.08932984
Poland,POL,1992,0.22361158
Poland,POL,1995,1.7447743
Poland,POL,1999,0.49605262
Poland,POL,2004,2.1715841
Poland,POL,2005,0.9209366
Poland,POL,2006,0.65885246
Poland,POL,2007,0.47138095
Poland,POL,2008,0.17534827
Poland,POL,2009,0.3663266
Poland,POL,2010,0.3492378
Poland,POL,2011,0.34194458
Poland,POL,2012,0.19502151
Poland,POL,2013,0.42161053
Poland,POL,2014,0.39982548
Poland,POL,2015,0.43371302
Poland,POL,2016,0.23679398
Poland,POL,2017,0.34852496
Poland,POL,2018,0.24757744
Poland,POL,2019,0.06276072
Poland,POL,2020,0.13734049
Poland,POL,2021,0.10752012
Portugal,PRT,2003,0.8958964
Portugal,PRT,2004,0.5366484
Portugal,PRT,2005,0.5435212
Portugal,PRT,2006,0.092665896
Portugal,PRT,2007,0.25771353
Portugal,PRT,2008,0.13725239
Portugal,PRT,2009,0.16589662
Portugal,PRT,2010,0.13645983
Portugal,PRT,2011,0.5080361
Portugal,PRT,2012,0.7032106
Portugal,PRT,2013,0.8551859
Portugal,PRT,2014,0.5456738
Portugal,PRT,2015,0.48239422
Portugal,PRT,2016,0.374637
Portugal,PRT,2017,0.41049597
Portugal,PRT,2018,0.2902539
Portugal,PRT,2019,0.14872062
Portugal,PRT,2020,0.47228974
Portugal,PRT,2021,0.22650385
Romania,ROU,1989,0.28460327
Romania,ROU,1992,0.5531042
Romania,ROU,1994,8.907146
Romania,ROU,1995,1.7485844
Romania,ROU,1997,2.2489161
Romania,ROU,2006,7.355783
Romania,ROU,2007,5.310613
Romania,ROU,2008,4.086822
Romania,ROU,2009,3.1286948
Romania,ROU,2010,4.1745195
Romania,ROU,2011,5.37642
Romania,ROU,2012,6.208166
Romania,ROU,2013,6.6171227
Romania,ROU,2014,7.0226746
Romania,ROU,2015,5.266119
Romania,ROU,2016,3.2403133
Romania,ROU,2017,3.2661333
Romania,ROU,2018,2.666744
Romania,ROU,2019,2.1640766
Romania,ROU,2020,1.4093623
Romania,ROU,2021,1.7570449
Russia,RUS,1993,3.528897
Russia,RUS,1996,4.656504
Russia,RUS,1997,1.5220835
Russia,RUS,1998,2.2844472
Russia,RUS,1999,4.385637
Russia,RUS,2000,2.9754066
Russia,RUS,2001,1.7576264
Russia,RUS,2002,1.0113968
Russia,RUS,2003,1.0929874
Russia,RUS,2004,1.0032749
Russia,RUS,2005,0.7747562
Russia,RUS,2006,0.44096822
Russia,RUS,2007,0.20139945
Russia,RUS,2008,0.09212515
Russia,RUS,2009,0.066181496
Russia,RUS,2010,0.08332945
Russia,RUS,2011,0.038264908
Russia,RUS,2012,0.0322114
Russia,RUS,2013,0.008163993
Russia,RUS,2014,0.021315757
Russia,RUS,2015,0.03634019
Russia,RUS,2016,0.027193299
Russia,RUS,2017,0.033431694
Russia,RUS,2018,0.029192207
Russia,RUS,2019,0.030001637
Russia,RUS,2020,0.010164272
Rwanda,RWA,2000,75.21361
Rwanda,RWA,2005,66.05174
Rwanda,RWA,2010,59.20516
Rwanda,RWA,2013,53.74719
Rwanda,RWA,2016,52.005394
Rwanda (rural),,1984,58.591145
Saint Lucia,LCA,1995,38.12492
Saint Lucia,LCA,2015,5.222044
Samoa,WSM,2002,2.1781778
Samoa,WSM,2008,1.052526
Samoa,WSM,2013,1.1502274
Sao Tome and Principe,STP,2000,20.446453
Sao Tome and Principe,STP,2010,22.615791
Sao Tome and Principe,STP,2017,15.723551
Senegal,SEN,1991,70.09887
Senegal,SEN,1994,60.251854
Senegal,SEN,2001,52.44071
Senegal,SEN,2005,41.061752
Senegal,SEN,2011,40.984364
Senegal,SEN,2018,9.222566
Senegal,SEN,2021,9.926822
Serbia,SRB,2012,5.340191
Serbia,SRB,2013,5.8431945
Serbia,SRB,2014,6.92315
Serbia,SRB,2015,6.6467104
Serbia,SRB,2016,6.3563867
Serbia,SRB,2017,5.394842
Serbia,SRB,2018,2.9232728
Serbia,SRB,2019,2.3344426
Serbia,SRB,2020,1.557031
Serbia,SRB,2021,1.2428293
Seychelles,SYC,1999,0.7582651
Seychelles,SYC,2006,0.37248194
Seychelles,SYC,2013,1.2360592
Seychelles,SYC,2018,0.51100403
Sierra Leone,SLE,1989,67.11084
Sierra Leone,SLE,2003,61.33198
Sierra Leone,SLE,2011,38.698128
Sierra Leone,SLE,2018,26.062035
Slovakia,SVK,1992,0
Slovakia,SVK,1996,1.4934819
Slovakia,SVK,2004,0.06723545
Slovakia,SVK,2005,0.23737435
Slovakia,SVK,2006,0.22897787
Slovakia,SVK,2007,0.36757442
Slovakia,SVK,2008,0.4077014
Slovakia,SVK,2009,0.44677904
Slovakia,SVK,2010,0.4951079
Slovakia,SVK,2011,0.4238608
Slovakia,SVK,2012,0.40092897
Slovakia,SVK,2013,0.28149927
Slovakia,SVK,2014,0.6754492
Slovakia,SVK,2015,0.66175985
Slovakia,SVK,2016,1.3807007
Slovakia,SVK,2017,0.22536847
Slovakia,SVK,2018,0.16945708
Slovakia,SVK,2019,0.11811627
Slovakia,SVK,2020,0.21230671
Slovakia,SVK,2021,0.10148099
Slovenia,SVN,1987,0.016102295
Slovenia,SVN,1993,0.040511474
Slovenia,SVN,1997,0
Slovenia,SVN,1999,0
Slovenia,SVN,2004,0.025957223
Slovenia,SVN,2005,0.101450935
Slovenia,SVN,2006,0.05046054
Slovenia,SVN,2007,0.03234887
Slovenia,SVN,2008,0
Slovenia,SVN,2009,0
Slovenia,SVN,2010,0.009157744
Slovenia,SVN,2011,0
Slovenia,SVN,2012,0.026254445
Slovenia,SVN,2013,0.021756856
Slovenia,SVN,2014,0
Slovenia,SVN,2015,0.004852958
Slovenia,SVN,2016,0
Slovenia,SVN,2017,0
Slovenia,SVN,2018,0
Slovenia,SVN,2019,0
Slovenia,SVN,2020,0
Slovenia,SVN,2021,0
Solomon Islands,SLB,2005,50.6165
Solomon Islands,SLB,2012,26.564884
South Africa,ZAF,1993,33.540047
South Africa,ZAF,2000,36.825283
South Africa,ZAF,2005,28.331333
South Africa,ZAF,2008,18.662973
South Africa,ZAF,2010,18.035963
South Africa,ZAF,2014,20.492558
South Asia (PIP),,1990,49.99015
South Asia (PIP),,1991,48.510094
South Asia (PIP),,1992,46.783237
South Asia (PIP),,1993,46.19489
South Asia (PIP),,1994,44.582584
South Asia (PIP),,1995,43.757954
South Asia (PIP),,1996,42.236565
South Asia (PIP),,2002,40.37355
South Asia (PIP),,2003,38.934383
South Asia (PIP),,2004,37.170647
South Asia (PIP),,2005,35.515728
South Asia (PIP),,2006,33.808083
South Asia (PIP),,2007,32.09656
South Asia (PIP),,2008,30.94404
South Asia (PIP),,2009,29.53194
South Asia (PIP),,2010,25.400671
South Asia (PIP),,2011,21.568077
South Asia (PIP),,2012,19.864418
South Asia (PIP),,2013,18.945276
South Asia (PIP),,2014,17.85225
South Asia (PIP),,2015,16.593199
South Asia (PIP),,2016,15.777758
South Asia (PIP),,2017,12.60136
South Asia (PIP),,2018,10.106245
South Asia (PIP),,2019,10.625864
South Asia (PIP),,2020,13.019447
South Asia (PIP),,2021,11.476871
South Asia (PIP),,2022,9.739691
South Korea,KOR,2006,0.24944234
South Korea,KOR,2008,0.24275911
South Korea,KOR,2010,0.4958997
South Korea,KOR,2012,0.24928062
South Korea,KOR,2014,0.23564287
South Korea,KOR,2016,0.22666515
South Sudan,SSD,2009,34.54165
South Sudan,SSD,2016,67.32727
Spain,ESP,1980,0.4969268
Spain,ESP,1985,0.23731555
Spain,ESP,1990,0.4944265
Spain,ESP,1993,1.2375659
Spain,ESP,1994,0.9975268
Spain,ESP,1995,1.4823424
Spain,ESP,1996,1.4911164
Spain,ESP,1997,0.9859978
Spain,ESP,1998,0.95270455
Spain,ESP,1999,0.720118
Spain,ESP,2000,0.67538816
Spain,ESP,2003,0.8087511
Spain,ESP,2004,0.81765175
Spain,ESP,2005,0.7379749
Spain,ESP,2006,0.76963174
Spain,ESP,2007,0.36304086
Spain,ESP,2008,0.4889186
Spain,ESP,2009,0.80560046
Spain,ESP,2010,0.67572516
Spain,ESP,2011,1.1273297
Spain,ESP,2012,0.93659365
Spain,ESP,2013,1.136304
Spain,ESP,2014,0.7871572
Spain,ESP,2015,0.90352696
Spain,ESP,2016,1.1252797
Spain,ESP,2017,0.67809105
Spain,ESP,2018,0.8386145
Spain,ESP,2019,0.79381347
Spain,ESP,2020,0.8863663
Spain,ESP,2021,0.5642503
Sri Lanka,LKA,1985,16.94997
Sri Lanka,LKA,1990,11.616388
Sri Lanka,LKA,1995,11.775274
Sri Lanka,LKA,2002,11.017083
Sri Lanka,LKA,2006,5.6293645
Sri Lanka,LKA,2009,3.4954607
Sri Lanka,LKA,2012,2.5871487
Sri Lanka,LKA,2016,1.2953176
Sri Lanka,LKA,2019,0.95861256
Sub-Saharan Africa (PIP),,1990,54.740406
Sub-Saharan Africa (PIP),,1991,56.16085
Sub-Saharan Africa (PIP),,1992,57.145016
Sub-Saharan Africa (PIP),,1993,58.2323
Sub-Saharan Africa (PIP),,1994,58.538963
Sub-Saharan Africa (PIP),,1995,58.08488
Sub-Saharan Africa (PIP),,1996,57.43651
Sub-Saharan Africa (PIP),,1997,56.976093
Sub-Saharan Africa (PIP),,1998,56.756454
Sub-Saharan Africa (PIP),,1999,56.39627
Sub-Saharan Africa (PIP),,2000,55.997883
Sub-Saharan Africa (PIP),,2001,55.02488
Sub-Saharan Africa (PIP),,2002,54.375793
Sub-Saharan Africa (PIP),,2003,53.211594
Sub-Saharan Africa (PIP),,2004,50.416653
Sub-Saharan Africa (PIP),,2005,48.702396
Sub-Saharan Africa (PIP),,2006,47.159145
Sub-Saharan Africa (PIP),,2007,46.023014
Sub-Saharan Africa (PIP),,2008,44.47227
Sub-Saharan Africa (PIP),,2009,43.907417
Sub-Saharan Africa (PIP),,2010,42.120502
Sub-Saharan Africa (PIP),,2011,40.977238
Sub-Saharan Africa (PIP),,2012,39.76712
Sub-Saharan Africa (PIP),,2013,38.86849
Sub-Saharan Africa (PIP),,2014,38.101425
Sub-Saharan Africa (PIP),,2015,38.19985
Sub-Saharan Africa (PIP),,2016,37.98245
Sub-Saharan Africa (PIP),,2017,37.453777
Sub-Saharan Africa (PIP),,2018,36.87466
Sub-Saharan Africa (PIP),,2019,36.659363
Sudan,SDN,2009,18.576168
Sudan,SDN,2014,15.26306
Suriname,SUR,2022,1.1043117
Suriname (urban),,1999,18.417946
Sweden,SWE,1975,0.49898672
Sweden,SWE,1981,0.24968058
Sweden,SWE,1987,0.24625531
Sweden,SWE,1992,0.2435132
Sweden,SWE,1995,0.24724913
Sweden,SWE,2000,0
Sweden,SWE,2001,0.24867782
Sweden,SWE,2002,0
Sweden,SWE,2003,0.32370964
Sweden,SWE,2004,0.397172
Sweden,SWE,2005,1.0845832
Sweden,SWE,2006,0.36438262
Sweden,SWE,2007,0.41083917
Sweden,SWE,2008,0.5764025
Sweden,SWE,2009,0.45801592
Sweden,SWE,2010,0.5474092
Sweden,SWE,2011,0.6156513
Sweden,SWE,2012,0.45700213
Sweden,SWE,2013,0.65087146
Sweden,SWE,2014,0.47433352
Sweden,SWE,2015,0.5691551
Sweden,SWE,2016,0.26145265
Sweden,SWE,2017,0.24834995
Sweden,SWE,2018,0.72550684
Sweden,SWE,2019,0.3165186
Sweden,SWE,2020,0.38908952
Sweden,SWE,2021,0.6292847
Switzerland,CHE,1982,0.69740707
Switzerland,CHE,1992,0.49456292
Switzerland,CHE,2000,0
Switzerland,CHE,2002,0
Switzerland,CHE,2006,0.046570357
Switzerland,CHE,2007,0.0208164
Switzerland,CHE,2008,0.068479605
Switzerland,CHE,2009,0.038057733
Switzerland,CHE,2010,0.048670206
Switzerland,CHE,2011,0.003111316
Switzerland,CHE,2012,0.008965495
Switzerland,CHE,2013,0.042183742
Switzerland,CHE,2014,0.032768063
Switzerland,CHE,2015,0.030542554
Switzerland,CHE,2016,0.03427533
Switzerland,CHE,2017,0
Switzerland,CHE,2018,0.03050398
Switzerland,CHE,2019,0.017386846
Switzerland,CHE,2020,0.037200913
Syria,SYR,1996,2.3783545
Syria,SYR,2003,1.0559967
Syria,SYR,2006,2.8414648
Syria,SYR,2009,2.4387133
Syria,SYR,2022,24.835932
Taiwan,TWN,1981,0
Taiwan,TWN,1986,0
Taiwan,TWN,1991,0
Taiwan,TWN,1995,0.49881068
Taiwan,TWN,1997,0
Taiwan,TWN,2000,0
Taiwan,TWN,2005,0
Taiwan,TWN,2007,0
Taiwan,TWN,2010,0.24100542
Taiwan,TWN,2013,0
Taiwan,TWN,2016,0
Taiwan,TWN,2017,0
Taiwan,TWN,2018,0
Taiwan,TWN,2019,0
Taiwan,TWN,2020,0
Taiwan,TWN,2021,0
Tajikistan,TJK,1999,61.962402
Tajikistan,TJK,2003,36.74976
Tajikistan,TJK,2004,21.35816
Tajikistan,TJK,2007,12.797472
Tajikistan,TJK,2009,6.792115
Tajikistan,TJK,2015,6.114529
Tanzania,TZA,1991,69.288864
Tanzania,TZA,2000,84.03533
Tanzania,TZA,2007,56.240715
Tanzania,TZA,2011,44.655464
Tanzania,TZA,2018,44.94932
Thailand,THA,1981,22.72825
Thailand,THA,1988,18.048384
Thailand,THA,1990,12.345011
Thailand,THA,1992,8.9950075
Thailand,THA,1994,4.503987
Thailand,THA,1996,3.0861952
Thailand,THA,1998,2.175271
Thailand,THA,1999,3.950531
Thailand,THA,2000,3.9674916
Thailand,THA,2002,1.7592947
Thailand,THA,2004,1.1857115
Thailand,THA,2006,0.92987514
Thailand,THA,2007,0.54169595
Thailand,THA,2008,0.30446866
Thailand,THA,2009,0.24722661
Thailand,THA,2010,0.26523823
Thailand,THA,2011,0.07156153
Thailand,THA,2012,0.11532052
Thailand,THA,2013,0.060821895
Thailand,THA,2014,0.090258256
Thailand,THA,2015,0.04653752
Thailand,THA,2016,0.0361475
Thailand,THA,2017,0.03712679
Thailand,THA,2018,0.032133956
Thailand,THA,2019,0.0950376
Thailand,THA,2020,0.046665337
Thailand,THA,2021,0.013972186
Togo,TGO,2006,60.969154
Togo,TGO,2011,58.887207
Togo,TGO,2015,54.69216
Togo,TGO,2018,28.434795
Togo,TGO,2021,26.59183
Tonga,TON,2000,3.0948093
Tonga,TON,2009,1.2616102
Tonga,TON,2015,1.7910179
Tonga,TON,2021,0.01921559
Trinidad and Tobago,TTO,1988,0
Trinidad and Tobago,TTO,1992,2.0847802
Tunisia,TUN,1985,12.287817
Tunisia,TUN,1990,8.553213
Tunisia,TUN,1995,9.480762
Tunisia,TUN,2000,4.379243
Tunisia,TUN,2005,2.5680616
Tunisia,TUN,2010,1.4960226
Tunisia,TUN,2015,0.14006154
Tunisia,TUN,2021,0.27373365
Turkey,TUR,1987,2.1580079
Turkey,TUR,1994,2.951306
Turkey,TUR,2002,2.1044152
Turkey,TUR,2003,3.8555894
Turkey,TUR,2004,2.0136497
Turkey,TUR,2005,2.3406663
Turkey,TUR,2006,1.7702271
Turkey,TUR,2007,1.3053389
Turkey,TUR,2008,0.56494784
Turkey,TUR,2009,0.72038996
Turkey,TUR,2010,0.77376914
Turkey,TUR,2011,0.12952742
Turkey,TUR,2012,0.09306085
Turkey,TUR,2013,0.29810533
Turkey,TUR,2014,0.20468259
Turkey,TUR,2015,0.21237287
Turkey,TUR,2016,0.20271698
Turkey,TUR,2017,0.30056062
Turkey,TUR,2018,0.35439268
Turkey,TUR,2019,0.45154127
Turkey,TUR,2020,0.47089854
Turkey,TUR,2021,0.44286466
Turkmenistan,TKM,1998,43.115105
Tuvalu,TUV,2010,3.625352
Uganda,UGA,1989,58.6893
Uganda,UGA,1992,65.10545
Uganda,UGA,1996,63.94645
Uganda,UGA,1999,67.94519
Uganda,UGA,2002,66.02675
Uganda,UGA,2005,57.33955
Uganda,UGA,2009,45.898636
Uganda,UGA,2012,37.544044
Uganda,UGA,2016,42.861576
Uganda,UGA,2019,42.11563
Ukraine,UKR,1992,3.9067447
Ukraine,UKR,1993,1.9460162
Ukraine,UKR,1995,7.100867
Ukraine,UKR,1996,7.2080126
Ukraine,UKR,2002,2.662997
Ukraine,UKR,2003,1.138516
Ukraine,UKR,2004,0.9296715
Ukraine,UKR,2005,0.3968115
Ukraine,UKR,2006,0.16045214
Ukraine,UKR,2007,0.10203078
Ukraine,UKR,2008,0.026821088
Ukraine,UKR,2009,0.06931827
Ukraine,UKR,2010,0.012536798
Ukraine,UKR,2011,0.011348583
Ukraine,UKR,2012,0.11384704
Ukraine,UKR,2013,0.004414646
Ukraine,UKR,2014,0.012276275
Ukraine,UKR,2015,0.12321677
Ukraine,UKR,2016,0.0983475
Ukraine,UKR,2017,0.03222395
Ukraine,UKR,2018,0.009935224
Ukraine,UKR,2019,0
Ukraine,UKR,2020,0.028825609
United Arab Emirates,ARE,2013,0
United Kingdom,GBR,1968,0.22279997
United Kingdom,GBR,1969,0.24375853
United Kingdom,GBR,1970,0
United Kingdom,GBR,1971,0
United Kingdom,GBR,1972,0.23006743
United Kingdom,GBR,1973,0
United Kingdom,GBR,1974,0.23836887
United Kingdom,GBR,1975,0.23684762
United Kingdom,GBR,1976,0
United Kingdom,GBR,1977,0.24468091
United Kingdom,GBR,1978,0
United Kingdom,GBR,1979,0
United Kingdom,GBR,1980,0
United Kingdom,GBR,1981,0
United Kingdom,GBR,1982,0
United Kingdom,GBR,1983,0
United Kingdom,GBR,1984,0
United Kingdom,GBR,1985,0.21794489
United Kingdom,GBR,1986,0.246679
United Kingdom,GBR,1987,0
United Kingdom,GBR,1988,0
United Kingdom,GBR,1989,0.23182261
United Kingdom,GBR,1990,0
United Kingdom,GBR,1991,0
United Kingdom,GBR,1992,0.24008574
United Kingdom,GBR,1993,0.24117
United Kingdom,GBR,1994,0.24662726
United Kingdom,GBR,1995,0.24714142
United Kingdom,GBR,1996,0.24636719
United Kingdom,GBR,1997,0.24725112
United Kingdom,GBR,1998,0.24555744
United Kingdom,GBR,1999,0.24853188
United Kingdom,GBR,2000,0.2488854
United Kingdom,GBR,2001,0.24793082
United Kingdom,GBR,2002,0.24940577
United Kingdom,GBR,2003,0.24987273
United Kingdom,GBR,2004,0.24976642
United Kingdom,GBR,2005,0.24664982
United Kingdom,GBR,2006,0.23013963
United Kingdom,GBR,2007,0.24377541
United Kingdom,GBR,2008,0.2468745
United Kingdom,GBR,2009,0.24892771
United Kingdom,GBR,2010,0.24635163
United Kingdom,GBR,2011,0.24730621
United Kingdom,GBR,2012,0.24467662
United Kingdom,GBR,2013,0.24445823
United Kingdom,GBR,2014,0.24630047
United Kingdom,GBR,2015,0.24924742
United Kingdom,GBR,2016,0.24917287
United Kingdom,GBR,2017,0.24929656
United Kingdom,GBR,2018,0.49848223
United Kingdom,GBR,2019,0.49803847
United Kingdom,GBR,2020,0.49933377
United Kingdom,GBR,2021,0.24510054
United States,USA,1963,1.2488154
United States,USA,1964,1.2425098
United States,USA,1965,0.99959636
United States,USA,1966,0.9982232
United States,USA,1967,0.998477
United States,USA,1968,0.7472127
United States,USA,1969,0.4991601
United States,USA,1970,0.99295706
United States,USA,1971,0.747157
United States,USA,1972,0.74866146
United States,USA,1973,0.7495643
United States,USA,1974,0.74715984
United States,USA,1975,0.49715438
United States,USA,1976,0.49868184
United States,USA,1977,0.499499
United States,USA,1978,0.499942
United States,USA,1979,0.49982077
United States,USA,1980,0.4995189
United States,USA,1981,0.49927452
United States,USA,1982,0.74773115
United States,USA,1983,0.49979457
United States,USA,1984,0.49553943
United States,USA,1985,0.49709204
United States,USA,1986,0.49619088
United States,USA,1987,0.49927145
United States,USA,1988,0.4992039
United States,USA,1989,0.49920124
United States,USA,1990,0.49714324
United States,USA,1991,0.49938723
United States,USA,1992,0.49789935
United States,USA,1993,0.49965855
United States,USA,1994,0.49979275
United States,USA,1995,0.49998137
United States,USA,1996,0.7485454
United States,USA,1997,0.74906164
United States,USA,1998,0.7488341
United States,USA,1999,0.74805623
United States,USA,2000,0.74959534
United States,USA,2001,0.7493069
United States,USA,2002,0.74891585
United States,USA,2003,0.9974198
United States,USA,2004,0.9998821
United States,USA,2005,0.99973184
United States,USA,2006,0.9989091
United States,USA,2007,0.99989045
United States,USA,2008,0.99974924
United States,USA,2009,0.9993861
United States,USA,2010,0.99972683
United States,USA,2011,0.9989762
United States,USA,2012,0.99847966
United States,USA,2013,0.99546385
United States,USA,2014,1.2489468
United States,USA,2015,1.2491881
United States,USA,2016,0.9993911
United States,USA,2017,1.2499229
United States,USA,2018,0.9997919
United States,USA,2019,0.99917054
United States,USA,2020,0.24997409
United States,USA,2021,0.24871896
Uruguay,URY,2006,0.5640882
Uruguay,URY,2007,0.38097277
Uruguay,URY,2008,0.22757798
Uruguay,URY,2009,0.28220025
Uruguay,URY,2010,0.16911623
Uruguay,URY,2011,0.13941857
Uruguay,URY,2012,0.1693853
Uruguay,URY,2013,0.17424801
Uruguay,URY,2014,0.15346177
Uruguay,URY,2015,0.14976595
Uruguay,URY,2016,0.09227166
Uruguay,URY,2017,0.06634591
Uruguay,URY,2018,0.055849954
Uruguay,URY,2019,0.102072
Uruguay,URY,2020,0.20679526
Uruguay,URY,2021,0.112155
Uruguay,URY,2022,0.15517578
Uruguay (urban),,1981,0
Uruguay (urban),,1989,0.6781315
Uruguay (urban),,1992,0.5608615
Uruguay (urban),,1995,0.5344624
Uruguay (urban),,1996,0.59042615
Uruguay (urban),,1997,0.5678494
Uruguay (urban),,1998,0.6430772
Uruguay (urban),,2000,0.6551623
Uruguay (urban),,2001,0.49742898
Uruguay (urban),,2002,0.6346368
Uruguay (urban),,2003,0.8112068
Uruguay (urban),,2004,1.0326413
Uruguay (urban),,2005,0.8616673
Uzbekistan,UZB,1998,58.80824
Uzbekistan,UZB,2000,81.34299
Uzbekistan,UZB,2002,80.46969
Uzbekistan,UZB,2003,81.503525
Uzbekistan,UZB,2022,2.2530925
Vanuatu,VUT,2010,14.650419
Vanuatu,VUT,2019,9.963333
Venezuela,VEN,1981,6.6803813
Venezuela,VEN,1987,7.030525
Venezuela,VEN,1989,5.318249
Venezuela,VEN,1992,4.5260434
Venezuela,VEN,1995,9.928085
Venezuela,VEN,1998,10.43187
Venezuela,VEN,1999,11.833123
Venezuela,VEN,2001,10.2914915
Venezuela,VEN,2002,16.381353
Venezuela,VEN,2003,19.652534
Venezuela,VEN,2004,16.60901
Venezuela,VEN,2005,14.35571
Venezuela,VEN,2006,7.1300364
Vietnam,VNM,1992,45.069004
Vietnam,VNM,1997,24.38948
Vietnam,VNM,2002,29.939255
Vietnam,VNM,2004,20.142012
Vietnam,VNM,2006,14.901668
Vietnam,VNM,2008,11.139827
Vietnam,VNM,2010,2.8704822
Vietnam,VNM,2012,1.6601624
Vietnam,VNM,2014,1.9120458
Vietnam,VNM,2016,1.2634453
Vietnam,VNM,2018,1.2314411
Vietnam,VNM,2020,0.6537779
Vietnam,VNM,2022,0.9637949
Western and Central Africa (PIP),,1990,55.47213
Western and Central Africa (PIP),,1991,56.87845
Western and Central Africa (PIP),,1992,57.342434
Western and Central Africa (PIP),,1993,58.361893
Western and Central Africa (PIP),,1994,58.859474
Western and Central Africa (PIP),,1995,58.903175
Western and Central Africa (PIP),,1996,58.653484
Western and Central Africa (PIP),,1997,57.74533
Western and Central Africa (PIP),,1998,56.956993
Western and Central Africa (PIP),,1999,56.105785
Western and Central Africa (PIP),,2001,53.72399
Western and Central Africa (PIP),,2002,51.128025
Western and Central Africa (PIP),,2003,49.671566
Western and Central Africa (PIP),,2004,47.681896
Western and Central Africa (PIP),,2005,46.521946
Western and Central Africa (PIP),,2006,45.46865
Western and Central Africa (PIP),,2008,42.510025
Western and Central Africa (PIP),,2009,41.48901
Western and Central Africa (PIP),,2010,39.091095
Western and Central Africa (PIP),,2011,38.1737
Western and Central Africa (PIP),,2012,36.145203
Western and Central Africa (PIP),,2013,34.759766
Western and Central Africa (PIP),,2014,33.08713
Western and Central Africa (PIP),,2015,33.032963
Western and Central Africa (PIP),,2016,31.759811
Western and Central Africa (PIP),,2017,29.943645
Western and Central Africa (PIP),,2018,28.223831
Western and Central Africa (PIP),,2019,27.262995
World,OWID_WRL,1990,38.011127
World,OWID_WRL,1991,37.353195
World,OWID_WRL,1992,36.39596
World,OWID_WRL,1993,35.658836
World,OWID_WRL,1994,33.981647
World,OWID_WRL,1995,32.71951
World,OWID_WRL,1996,31.17038
World,OWID_WRL,1997,30.9266
World,OWID_WRL,1998,31.233442
World,OWID_WRL,1999,30.339867
World,OWID_WRL,2000,29.30042
World,OWID_WRL,2001,28.30651
World,OWID_WRL,2002,26.892752
World,OWID_WRL,2003,25.36707
World,OWID_WRL,2004,23.440056
World,OWID_WRL,2005,21.684637
World,OWID_WRL,2006,20.7238
World,OWID_WRL,2007,19.474674
World,OWID_WRL,2008,18.675625
World,OWID_WRL,2009,17.679468
World,OWID_WRL,2010,15.88231
World,OWID_WRL,2011,14.044905
World,OWID_WRL,2012,13.1075945
World,OWID_WRL,2013,11.606213
World,OWID_WRL,2014,11.082543
World,OWID_WRL,2015,10.654512
World,OWID_WRL,2016,10.414635
World,OWID_WRL,2017,9.591969
World,OWID_WRL,2018,8.852954
World,OWID_WRL,2019,8.92022
World,OWID_WRL,2020,9.761925
World,OWID_WRL,2021,9.520158
World,OWID_WRL,2022,8.978049
World (excluding China),,1990,28.742498
World (excluding China),,1991,28.5778
World (excluding China),,1992,28.323057
World (excluding China),,1993,28.378773
World (excluding China),,1994,27.792343
World (excluding China),,1995,27.265463
World (excluding China),,1996,26.672817
World (excluding China),,1997,26.616024
World (excluding China),,1998,27.20376
World (excluding China),,1999,26.269802
World (excluding China),,2000,25.830528
World (excluding China),,2001,25.391886
World (excluding China),,2002,24.44534
World (excluding China),,2003,23.786106
World (excluding China),,2004,22.56733
World (excluding China),,2005,21.57712
World (excluding China),,2006,20.778776
World (excluding China),,2007,19.598177
World (excluding China),,2008,18.848957
World (excluding China),,2009,18.062597
World (excluding China),,2010,16.352581
World (excluding China),,2011,14.9448185
World (excluding China),,2012,14.187431
World (excluding China),,2013,13.6334305
World (excluding China),,2014,13.160091
World (excluding China),,2015,12.827116
World (excluding China),,2016,12.593519
World (excluding China),,2017,11.606297
World (excluding China),,2018,10.741607
World (excluding China),,2019,10.871094
World (excluding China),,2020,11.886829
World (excluding China),,2021,11.577954
World (excluding China),,2022,10.8984785
World (excluding India),,1990,35.76807
World (excluding India),,1991,35.01465
World (excluding India),,1992,33.938004
World (excluding India),,1993,33.13942
World (excluding India),,1994,31.228844
World (excluding India),,1995,29.845942
World (excluding India),,1996,28.146059
World (excluding India),,1997,27.900976
World (excluding India),,1998,28.359413
World (excluding India),,1999,27.480116
World (excluding India),,2000,26.29278
World (excluding India),,2001,25.133917
World (excluding India),,2002,23.44851
World (excluding India),,2003,21.756212
World (excluding India),,2004,19.638863
World (excluding India),,2005,17.807638
World (excluding India),,2006,16.977669
World (excluding India),,2007,15.79241
World (excluding India),,2008,14.989879
World (excluding India),,2009,14.062829
World (excluding India),,2010,13.00096
World (excluding India),,2011,11.758038
World (excluding India),,2012,11.0547695
World (excluding India),,2013,9.42872
World (excluding India),,2014,9.0452795
World (excluding India),,2015,8.813119
World (excluding India),,2016,8.707634
World (excluding India),,2017,8.541793
World (excluding India),,2018,8.297352
World (excluding India),,2019,8.215348
World (excluding India),,2020,8.523925
World (excluding India),,2021,8.610828
World (excluding India),,2022,8.400211
Yemen,YEM,1998,8.098642
Yemen,YEM,2005,10.542901
Yemen,YEM,2014,19.802757
Zambia,ZMB,1991,57.4386
Zambia,ZMB,1993,59.05605
Zambia,ZMB,1996,46.773384
Zambia,ZMB,1998,47.22561
Zambia,ZMB,2002,56.388855
Zambia,ZMB,2004,61.062454
Zambia,ZMB,2006,64.69803
Zambia,ZMB,2010,64.4019
Zambia,ZMB,2015,60.793095
Zambia,ZMB,2022,64.349754
Zimbabwe,ZWE,2011,21.580063
Zimbabwe,ZWE,2017,34.206043
Zimbabwe,ZWE,2019,39.75453
